URL,Title,Description,H1,Canonical,Total_Links,Links_In,Issues
https://dolarexpress.cl/./index/,Vender Cupo en Dólares a Pesos | Transferencia Inm,¿Necesitas liquidez? Compramos tu cupo en dólares ,,https://dolarexpress.cl/,0,0,No h1; Canonical mismatch; Orphaned
https://dolarexpress.cl/./ripley-plata-al-tiro/,Efectivo con Ripley en 20 minutos: Proceso y Costo,Efectivo en 20 minutos con Ripley. Comisión 15%. C,Ripley Plata Al Tiro,https://dolarexpress.cl/ripley-plata-al-tiro/,18,0,Canonical mismatch; Orphaned
https://dolarexpress.cl/./sacar-dinero-tarjeta-abc-din/,"Sacar Dinero Tarjeta Abc Din: Proceso, Costos y Ri","Sacar Dinero Tarjeta Abc Din: comisión 15%, proces",Sacar Dinero Tarjeta Abc Din,https://dolarexpress.cl/sacar-dinero-tarjeta-abc-din/,18,0,Canonical mismatch; Orphaned
https://dolarexpress.cl/./sacar-dinero-tarjeta-casa-comercial/,"Sacar Dinero Tarjeta Casa Comercial: Proceso, Cost","Sacar Dinero Tarjeta Casa Comercial: comisión 15%,",Sacar Dinero Tarjeta Casa Comercial,https://dolarexpress.cl/sacar-dinero-tarjeta-casa-comercial/,18,0,Canonical mismatch; Orphaned
https://dolarexpress.cl/./sacar-dinero-tarjeta-cmr-falabella/,"Sacar Dinero Tarjeta Cmr Falabella: Proceso, Costo","Sacar Dinero Tarjeta Cmr Falabella: comisión 15%, ",Sacar Dinero Tarjeta Cmr Falabella,https://dolarexpress.cl/sacar-dinero-tarjeta-cmr-falabella/,18,0,Canonical mismatch; Orphaned
https://dolarexpress.cl/./sacar-dinero-tarjeta-hites/,"Sacar Dinero Tarjeta Hites: Proceso, Costos y Ries","Sacar Dinero Tarjeta Hites: comisión 15%, proceso ",Sacar Dinero Tarjeta Hites,https://dolarexpress.cl/sacar-dinero-tarjeta-hites/,18,0,Canonical mismatch; Orphaned
https://dolarexpress.cl/./sacar-dinero-tarjeta-jumbo/,"Sacar Dinero Tarjeta Jumbo: Proceso, Costos y Ries","Sacar Dinero Tarjeta Jumbo: comisión 15%, proceso ",Sacar Dinero Tarjeta Jumbo,https://dolarexpress.cl/sacar-dinero-tarjeta-jumbo/,18,0,Canonical mismatch; Orphaned
https://dolarexpress.cl/./sacar-dinero-tarjeta-la-polar/,"Sacar Dinero Tarjeta La Polar: Proceso, Costos y R","Sacar Dinero Tarjeta La Polar: comisión 15%, proce",Sacar Dinero Tarjeta La Polar,https://dolarexpress.cl/sacar-dinero-tarjeta-la-polar/,18,0,Canonical mismatch; Orphaned
https://dolarexpress.cl/./sacar-dinero-tarjeta-lider/,"Sacar Dinero Tarjeta Lider: Proceso, Costos y Ries","Sacar Dinero Tarjeta Lider: comisión 15%, proceso ",Sacar Dinero Tarjeta Lider,https://dolarexpress.cl/sacar-dinero-tarjeta-lider/,18,0,Canonical mismatch; Orphaned
https://dolarexpress.cl/./sacar-dinero-tarjeta-paris/,"Sacar Dinero Tarjeta Paris: Proceso, Costos y Ries","Sacar Dinero Tarjeta Paris: comisión 15%, proceso ",Sacar Dinero Tarjeta Paris,https://dolarexpress.cl/sacar-dinero-tarjeta-paris/,18,0,Canonical mismatch; Orphaned
https://dolarexpress.cl/./sacar-dinero-tarjeta-ripley/,"Sacar Dinero Tarjeta Ripley: Proceso, Costos y Rie","Sacar Dinero Tarjeta Ripley: comisión 15%, proceso",Sacar Dinero Tarjeta Ripley,https://dolarexpress.cl/sacar-dinero-tarjeta-ripley/,18,0,Canonical mismatch; Orphaned
https://dolarexpress.cl/./sacar-plata-cmr/,"Sacar Plata Cmr: Proceso, Costos y Riesgos | Dolar","Sacar Plata Cmr: comisión 15%, proceso en 15 minut",Sacar Plata Cmr,https://dolarexpress.cl/sacar-plata-cmr/,18,0,Canonical mismatch; Orphaned
https://dolarexpress.cl/./sacar-plata-de-tarjeta-de-tienda/,"Sacar Plata De Tarjeta De Tienda: Proceso, Costos ","Sacar Plata De Tarjeta De Tienda: comisión 15%, pr",Sacar Plata De Tarjeta De Tienda,https://dolarexpress.cl/sacar-plata-de-tarjeta-de-tienda/,18,0,Canonical mismatch; Orphaned
https://dolarexpress.cl/./sacar-plata-ripley/,"Sacar Plata Ripley: Proceso, Costos y Riesgos | Do","Sacar Plata Ripley: comisión 15%, proceso en 20 mi",Sacar Plata Ripley,https://dolarexpress.cl/sacar-plata-ripley/,18,0,Canonical mismatch; Orphaned
https://dolarexpress.cl/./sacar-plata-tarjeta-abcdin/,"Sacar Plata Tarjeta Abcdin: Proceso, Costos y Ries","Sacar Plata Tarjeta Abcdin: comisión 15%, proceso ",Sacar Plata Tarjeta Abcdin,https://dolarexpress.cl/sacar-plata-tarjeta-abcdin/,18,0,Canonical mismatch; Orphaned
https://dolarexpress.cl/./sacar-plata-tarjeta-cencosud/,"Sacar Plata Tarjeta Cencosud: Proceso, Costos y Ri","Sacar Plata Tarjeta Cencosud: comisión 15%, proces",Sacar Plata Tarjeta Cencosud,https://dolarexpress.cl/sacar-plata-tarjeta-cencosud/,18,0,Canonical mismatch; Orphaned
https://dolarexpress.cl/./venta-usd/,Procesar Venta | DolarExpress,Procesa tu venta de cupo en dólares de forma segur,Procesa tu Venta,,7,0,No canonical; Orphaned
https://dolarexpress.cl/avance-abc-visa/,"Avance Abc Visa: Proceso, Costos y Riesgos | Dolar","Avance Abc Visa: comisión 15%, proceso en 20 minut",Avance Abc Visa,https://dolarexpress.cl/avance-abc-visa/,20,0,Orphaned
https://dolarexpress.cl/avance-cmr-sin-avance-habilitado/,CMR Sin Avance: Cómo Obtener Efectivo con Cupo de ,Obtén efectivo de tu CMR sin avance habilitado. Co,Avance Cmr Sin Avance Habilitado,https://dolarexpress.cl/tarjeta-cmr-sin-avance/,20,0,Canonical mismatch; Orphaned
https://dolarexpress.cl/avance-cupo-dolares/,Avance con Cupo en Dólares Chile | DolarExpress,Usa tu cupo en dólares para obtener un avance en p,Obtén un avance usando tu cupo en dólares,https://dolarexpress.cl/avance-cupo-dolares.html,17,0,Canonical mismatch; Orphaned
https://dolarexpress.cl/avance-efectivo-dolares/,Avance en Efectivo con Dólares Chile | DolarExpres,Convierte tus dólares o cupo en dólares en pesos c,Avance en efectivo usando tus dólares o cupo USD,https://dolarexpress.cl/avance-efectivo-dolares.html,17,0,Canonical mismatch; Orphaned
https://dolarexpress.cl/avance-efectivo-sin-avance-habilitado/,tu tarjeta de tienda Sin Avance: Cómo Obtener Efec,Obtén efectivo de tu tu tarjeta de tienda sin avan,Avance Efectivo Sin Avance Habilitado,https://dolarexpress.cl/tarjeta-ripley-sin-avance/,20,0,Canonical mismatch; Orphaned
https://dolarexpress.cl/avance-efectivo-tarjeta-abc/,"Avance Efectivo Tarjeta Abc: Proceso, Costos y Rie","Avance Efectivo Tarjeta Abc: comisión 15%, proceso",Avance Efectivo Tarjeta Abc,https://dolarexpress.cl/avance-abc-visa/,20,0,Canonical mismatch; Orphaned
https://dolarexpress.cl/avance-efectivo-tarjeta-cmr/,"Avance Efectivo Tarjeta Cmr: Proceso, Costos y Rie","Avance Efectivo Tarjeta Cmr: comisión 15%, proceso",Avance Efectivo Tarjeta Cmr,https://dolarexpress.cl/sacar-plata-cmr/,20,0,Canonical mismatch; Orphaned
https://dolarexpress.cl/avance-efectivo-tarjeta-hites/,"Avance Efectivo Tarjeta Hites: Proceso, Costos y R","Avance Efectivo Tarjeta Hites: comisión 15%, proce",Avance Efectivo Tarjeta Hites,https://dolarexpress.cl/hites-plata-rapido/,20,0,Canonical mismatch; Orphaned
https://dolarexpress.cl/avance-efectivo-tarjeta-la-polar/,"Avance Efectivo Tarjeta La Polar: Proceso, Costos ","Avance Efectivo Tarjeta La Polar: comisión 15%, pr",Avance Efectivo Tarjeta La Polar,https://dolarexpress.cl/avance-la-polar-cuotas/,20,0,Canonical mismatch; Orphaned
https://dolarexpress.cl/avance-efectivo-tarjeta-lider/,"Avance Efectivo Tarjeta Lider: Proceso, Costos y R","Avance Efectivo Tarjeta Lider: comisión 15%, proce",Avance Efectivo Tarjeta Lider,https://dolarexpress.cl/avance-lider-bci-online/,20,0,Canonical mismatch; Orphaned
https://dolarexpress.cl/avance-efectivo-tarjeta-paris/,"Avance Efectivo Tarjeta Paris: Proceso, Costos y R","Avance Efectivo Tarjeta Paris: comisión 15%, proce",Avance Efectivo Tarjeta Paris,https://dolarexpress.cl/avance-tarjeta-easy/,20,0,Canonical mismatch; Orphaned
https://dolarexpress.cl/avance-efectivo-tarjeta-ripley/,"Avance Efectivo Tarjeta Ripley: Proceso, Costos y ","Avance Efectivo Tarjeta Ripley: comisión 15%, proc",Avance Efectivo Tarjeta Ripley,https://dolarexpress.cl/sacar-plata-ripley/,20,0,Canonical mismatch; Orphaned
https://dolarexpress.cl/avance-efectivo-tarjetas-grandes-tiendas-chile/,Avance Efectivo Tarjetas Grandes Tiendas Chile: Pr,Avance Efectivo Tarjetas Grandes Tiendas Chile: co,Avance Efectivo Tarjetas Grandes Tiendas Chile,https://dolarexpress.cl/sacar-plata-ripley/,20,0,Canonical mismatch; Orphaned
https://dolarexpress.cl/avance-efectivo/,Avance en Efectivo con Cupo Dólar | DolarExpress,Obtén un avance en efectivo usando tu cupo en dóla,Avance en efectivo usando tu cupo en dólares,https://dolarexpress.cl/avance-efectivo.html,11,0,Canonical mismatch; Orphaned
https://dolarexpress.cl/avance-la-polar-cuotas/,Efectivo La Polar en Cuotas: Tabla de Costos Reale,Cuotas La Polar: tabla completa de costos. Tasa 1.,Avance La Polar Cuotas,https://dolarexpress.cl/avance-la-polar-cuotas/,20,0,Orphaned
https://dolarexpress.cl/avance-lider-bci-online/,Líder a Efectivo 100% Online: Proceso y Comisiones,Proceso online con Líder: WhatsApp + Transbank + t,Avance Lider Bci Online,https://dolarexpress.cl/avance-lider-bci-online/,20,0,Orphaned
https://dolarexpress.cl/avance-ripley-cuotas/,Efectivo Ripley en Cuotas: Tabla de Costos Reales ,Cuotas Ripley: tabla completa de costos. Tasa 1.55,Avance Ripley En Cuotas,https://dolarexpress.cl/sacar-plata-ripley/,20,0,Canonical mismatch; Orphaned
https://dolarexpress.cl/avance-ripley-sin-tener-avance/,Avance Ripley Sin Tener Avance Habilitado: Proceso,Avance Ripley Sin Tener Avance Habilitado: comisió,Avance Ripley Sin Tener Avance Habilitado,https://dolarexpress.cl/sacar-plata-ripley/,20,0,Canonical mismatch; Orphaned
https://dolarexpress.cl/avance-tarjeta-dolares/,Avance de Tarjeta en Dólares Chile | DolarExpress,Obtén un avance usando el cupo en dólares de tu ta,Avance de tarjeta en dólares a pesos chilenos,https://dolarexpress.cl/avance-tarjeta-dolares.html,17,0,Canonical mismatch; Orphaned
https://dolarexpress.cl/avance-tarjeta-easy/,"Avance Efectivo Tarjeta Easy: Proceso, Costos y Ri","Avance Efectivo Tarjeta Easy: comisión 15%, proces",Avance Efectivo Tarjeta Easy,https://dolarexpress.cl/avance-tarjeta-easy/,20,0,Orphaned
https://dolarexpress.cl/avance-tarjeta-johnson/,"Avance Efectivo Tarjeta Johnson: Proceso, Costos y","Avance Efectivo Tarjeta Johnson: comisión 15%, pro",Avance Efectivo Tarjeta Johnson,https://dolarexpress.cl/avance-tarjeta-easy/,20,0,Canonical mismatch; Orphaned
https://dolarexpress.cl/cambiar-cupo-dolar/,Cambiar Cupo Dólar a Pesos Chilenos | DolarExpress,Cambia el cupo en dólares de tu tarjeta a pesos ch,Cambia tu cupo en dólares a pesos chilenos hoy mis,https://dolarexpress.cl/cambiar-cupo-dolar.html,17,0,Canonical mismatch; Orphaned
https://dolarexpress.cl/cambiar-cupo-dolares-chile/,Cambiar Cupo en Dólares en Chile | DolarExpress,Servicio de cambio de cupo en dólares a pesos chil,Cambia tu cupo en dólares en Chile sin complicacio,https://dolarexpress.cl/cambiar-cupo-dolares-chile.html,17,0,Canonical mismatch; Orphaned
https://dolarexpress.cl/cambiar-dolares-tarjeta/,Cambiar Dólares de Tarjeta a Pesos Chilenos | Dola,Convierte los dólares disponibles en tu tarjeta de,Cambia los dólares de tu tarjeta a pesos chilenos ,https://dolarexpress.cl/cambiar-dolares-tarjeta.html,17,0,Canonical mismatch; Orphaned
https://dolarexpress.cl/cambio-cupo-dolar/,Cambio de Cupo Dólar en Chile | DolarExpress,Realiza el cambio de tu cupo en dólares a pesos ch,Servicio de cambio de cupo en dólares en Chile,https://dolarexpress.cl/cambio-cupo-dolar.html,17,0,Canonical mismatch; Orphaned
https://dolarexpress.cl/cambio-dolares-tarjeta-credito/,Cambio Dólares Tarjeta de Crédito Chile | DolarExp,Realiza el cambio de dólares desde tu tarjeta de c,Servicio de cambio de dólares desde tarjeta de cré,https://dolarexpress.cl/cambio-dolares-tarjeta-credito.html,17,0,Canonical mismatch; Orphaned
https://dolarexpress.cl/cmr-efectivo-rapido/,Efectivo con CMR en 15 minutos: Proceso y Costos |,Efectivo en 15 minutos con CMR. Comisión 15%. Cron,Cmr Efectivo RáPido,https://dolarexpress.cl/sacar-plata-cmr/,20,0,Canonical mismatch; Orphaned
https://dolarexpress.cl/como-obtener-liquidez-con-tarjeta-retail/,Efectivo desde Tarjeta de Tienda: Costos y Riesgos,Tarjeta de tienda a efectivo: costos reales (15% c,Como Obtener Liquidez Con Tarjeta Retail,https://dolarexpress.cl/sacar-plata-ripley/,20,0,Canonical mismatch; Orphaned
https://dolarexpress.cl/como-sacar-plata-si-no-tengo-avance/,tu tarjeta de tienda Sin Avance: Cómo Obtener Efec,Obtén efectivo de tu tu tarjeta de tienda sin avan,Como Sacar Plata Si No Tengo Avance,https://dolarexpress.cl/tarjeta-ripley-sin-avance/,20,0,Canonical mismatch; Orphaned
https://dolarexpress.cl/como-usar-el-cupo-de-mi-tarjeta-sin-avance/,tu tarjeta de tienda Sin Avance: Cómo Obtener Efec,Obtén efectivo de tu tu tarjeta de tienda sin avan,Como Usar El Cupo De Mi Tarjeta Sin Avance,https://dolarexpress.cl/tarjeta-ripley-sin-avance/,20,0,Canonical mismatch; Orphaned
https://dolarexpress.cl/como-vender-cupo-dolar/,Cómo Vender Cupo en Dólares en Chile | DolarExpres,Guía completa para vender tu cupo en dólares en Ch,Cómo vender tu cupo en dólares paso a paso,https://dolarexpress.cl/como-vender-cupo-dolar.html,17,0,Canonical mismatch; Orphaned
https://dolarexpress.cl/compra-cupo-dolares/,Compra de Cupo en Dólares — DolarExpress | DolarEx,DolarExpress compra tu cupo en dólares y te paga e,Compramos tu cupo en dólares al mejor precio del m,https://dolarexpress.cl/compra-cupo-dolares.html,17,0,Canonical mismatch; Orphaned
https://dolarexpress.cl/comprar-cupo-dolar/,Comprar Cupo Dólar en Chile | DolarExpress,Si necesitas dólares usando el cupo de tu tarjeta ,¿Buscas comprar cupo en dólares? Nosotros te lo fa,https://dolarexpress.cl/comprar-cupo-dolar.html,17,0,Canonical mismatch; Orphaned
https://dolarexpress.cl/compro-cupo-dolar/,Compro Cupo Dólar — DolarExpress Chile | DolarExpr,¿Tienes cupo en dólares disponible? Te lo compramo,Compramos tu cupo en dólares y te pagamos al insta,https://dolarexpress.cl/compro-cupo-dolar.html,17,0,Canonical mismatch; Orphaned
https://dolarexpress.cl/contacto/,Contacto | DolarExpress,Contáctanos por WhatsApp para cotizar la conversió,Habla con DolarExpress,https://dolarexpress.cl/contacto.html,4,0,Canonical mismatch; Orphaned
https://dolarexpress.cl/convertir-cupo-dolar-pesos/,Convertir Cupo Dólar a Pesos Chilenos | DolarExpre,Convierte tu cupo en dólares a pesos chilenos de f,Convierte tu cupo en dólares a pesos chilenos hoy,https://dolarexpress.cl/convertir-cupo-dolar-pesos.html,17,0,Canonical mismatch; Orphaned
https://dolarexpress.cl/convertir-cupo-en-efectivo-chile/,Cupo de Compras tu tarjeta de tienda a Efectivo: C,Convierte cupo de compras tu tarjeta de tienda en ,Convertir Cupo En Efectivo Chile,https://dolarexpress.cl/cupo-compras-a-efectivo-ripley/,20,0,Canonical mismatch; Orphaned
https://dolarexpress.cl/convertir-cupo-internacional-pesos/,Convertir Cupo Internacional a Pesos | DolarExpres,Convierte tu convertir cupo internacional a pesos ,Convertir Cupo Internacional a Pesos,https://dolarexpress.cl/cupo-internacional-bci/,20,0,Canonical mismatch; Orphaned
https://dolarexpress.cl/cuanto-me-dan-de-avance-tarjeta-lider/,¿Cuánto Obtengo con Líder? Simulador y Tabla de Co,Simulador: cuánto recibes y cuánto pagas con Líder,Cuanto Me Dan De Avance Tarjeta Lider,https://dolarexpress.cl/cuanto-me-dan-de-avance-tarjeta-lider/,20,0,Orphaned
https://dolarexpress.cl/cuanto-presta-la-cmr/,¿Cuánto Obtengo con CMR? Simulador y Tabla de Cost,Simulador: cuánto recibes y cuánto pagas con CMR. ,Cuanto Presta La Cmr,https://dolarexpress.cl/cuanto-presta-la-cmr/,20,0,Orphaned
https://dolarexpress.cl/cuanto-presta-tarjeta-paris/,¿Cuánto Obtengo con Paris / Cencosud? Simulador y ,Simulador: cuánto recibes y cuánto pagas con Paris,Cuanto Presta Tarjeta Paris,https://dolarexpress.cl/cuanto-presta-tarjeta-paris/,20,0,Orphaned
https://dolarexpress.cl/cuanto-presta-tarjeta-ripley/,¿Cuánto Obtengo con Ripley? Simulador y Tabla de C,Simulador: cuánto recibes y cuánto pagas con Riple,Cuanto Presta Tarjeta Ripley,https://dolarexpress.cl/cuanto-presta-tarjeta-ripley/,20,0,Orphaned
https://dolarexpress.cl/cupo-compras-a-efectivo-cmr/,Cupo de Compras CMR a Efectivo: Costos Reales y Pr,Convierte cupo de compras CMR en efectivo. Comisió,Cupo Compras A Efectivo Cmr,https://dolarexpress.cl/cupo-compras-a-efectivo-cmr/,20,0,Orphaned
https://dolarexpress.cl/cupo-compras-a-efectivo-lider/,Cupo de Compras Líder a Efectivo: Costos Reales y ,Convierte cupo de compras Líder en efectivo. Comis,Cupo Compras A Efectivo Lider,https://dolarexpress.cl/cupo-compras-a-efectivo-lider/,20,0,Orphaned
https://dolarexpress.cl/cupo-compras-a-efectivo-ripley/,Cupo de Compras Ripley a Efectivo: Costos Reales y,Convierte cupo de compras Ripley en efectivo. Comi,Cupo Compras A Efectivo Ripley,https://dolarexpress.cl/cupo-compras-a-efectivo-ripley/,20,0,Orphaned
https://dolarexpress.cl/cupo-compras-efectivo-abcdin/,Cupo de Compras ABCDin a Efectivo: Costos Reales y,Convierte cupo de compras ABCDin en efectivo. Comi,Cupo Compras A Efectivo Abcdin,https://dolarexpress.cl/cupo-compras-efectivo-abcdin/,20,0,Orphaned
https://dolarexpress.cl/cupo-compras-efectivo-hites/,Cupo de Compras Hites a Efectivo: Costos Reales y ,Convierte cupo de compras Hites en efectivo. Comis,Cupo Compras A Efectivo Hites,https://dolarexpress.cl/cupo-compras-efectivo-hites/,20,0,Orphaned
https://dolarexpress.cl/cupo-compras-efectivo-la-polar/,Cupo de Compras La Polar a Efectivo: Costos Reales,Convierte cupo de compras La Polar en efectivo. Co,Cupo Compras A Efectivo La Polar,https://dolarexpress.cl/cupo-compras-efectivo-la-polar/,20,0,Orphaned
https://dolarexpress.cl/cupo-compras-efectivo-paris/,Cupo de Compras Paris / Cencosud a Efectivo: Costo,Convierte cupo de compras Paris / Cencosud en efec,Cupo Compras A Efectivo Paris,https://dolarexpress.cl/cupo-compras-efectivo-paris/,20,0,Orphaned
https://dolarexpress.cl/cupo-disponible-tarjeta-a-pesos/,Cupo de Compras tu tarjeta de tienda a Efectivo: C,Convierte cupo de compras tu tarjeta de tienda en ,Cupo Disponible Tarjeta A Pesos,https://dolarexpress.cl/cupo-compras-a-efectivo-ripley/,20,0,Canonical mismatch; Orphaned
https://dolarexpress.cl/cupo-dolar-1000-usd/,Vender Cupo Dólar 1000 USD en Chile | DolarExpress,Convierte USD 1.000 de cupo dólar a pesos chilenos,Vende USD 1.000 de cupo dólar y recibe pesos chile,https://dolarexpress.cl/cupo-dolar-1000-usd.html,17,0,Canonical mismatch; Orphaned
https://dolarexpress.cl/cupo-dolar-15-minutos/,Cupo Dólar en 15 Minutos Chile | DolarExpress,Conoce cuánto tarda realmente vender tu cupo dólar,¿Puedes vender tu cupo dólar en 15 minutos?,https://dolarexpress.cl/cupo-dolar-15-minutos.html,17,0,Canonical mismatch; Orphaned
https://dolarexpress.cl/cupo-dolar-200-usd/,Cupo Dólar 200 USD → Recibe ~$176.000 CLP | DolarE,¿Tienes USD 200 de cupo disponible? Recibe aproxim,Cambiar USD 200 de Cupo Dólar a Pesos,https://dolarexpress.cl/cupo-dolar-200-usd.html,20,0,Canonical mismatch; Orphaned
https://dolarexpress.cl/cupo-dolar-2000-usd/,Cupo Dólar 2.000 USD → Recibe ~$1.760.000 CLP | Do,¿Tienes USD 2.000 de cupo disponible? Recibe aprox,Cambiar USD 2.000 de Cupo Dólar a Pesos,https://dolarexpress.cl/cupo-dolar-200-usd/,20,0,Canonical mismatch; Orphaned
https://dolarexpress.cl/cupo-dolar-3000-usd/,Cupo Dólar 3.000 USD → Recibe ~$2.640.000 CLP | Do,¿Tienes USD 3.000 de cupo disponible? Recibe aprox,Cambiar USD 3.000 de Cupo Dólar a Pesos,https://dolarexpress.cl/cupo-dolar-200-usd/,20,0,Canonical mismatch; Orphaned
https://dolarexpress.cl/cupo-dolar-500-usd/,Vender Cupo Dólar 500 USD en Chile | DolarExpress,Convierte USD 500 de cupo dólar a pesos chilenos. ,Vende USD 500 de cupo dólar y recibe pesos al inst,https://dolarexpress.cl/cupo-dolar-500-usd.html,17,0,Canonical mismatch; Orphaned
https://dolarexpress.cl/cupo-dolar-5000-usd/,Cupo Dólar 5.000 USD → Recibe ~$4.400.000 CLP | Do,¿Tienes USD 5.000 de cupo disponible? Recibe aprox,Cambiar USD 5.000 de Cupo Dólar a Pesos,https://dolarexpress.cl/cupo-dolar-200-usd/,20,0,Canonical mismatch; Orphaned
https://dolarexpress.cl/cupo-dolar-7000-usd/,Cupo Dólar 7.000 USD → Recibe ~$6.160.000 CLP | Do,¿Tienes USD 7.000 de cupo disponible? Recibe aprox,Cambiar USD 7.000 de Cupo Dólar a Pesos,https://dolarexpress.cl/cupo-dolar-200-usd/,20,0,Canonical mismatch; Orphaned
https://dolarexpress.cl/cupo-dolar-a-pesos/,Cupo Dólar a Pesos Chilenos | DolarExpress,Transforma tu cupo dólar en pesos chilenos por tra,De cupo dólar a pesos chilenos en minutos,https://dolarexpress.cl/cupo-dolar-a-pesos.html,17,0,Canonical mismatch; Orphaned
https://dolarexpress.cl/cupo-dolar-altos-montos/,Cupo Dólar Altos Montos Chile | DolarExpress,¿Necesitas vender un alto monto en cupo dólar? Dol,Operaciones de cupo dólar en altos montos en Chile,https://dolarexpress.cl/cupo-dolar-altos-montos.html,17,0,Canonical mismatch; Orphaned
https://dolarexpress.cl/cupo-dolar-american-express/,Cupo Dólar Tarjeta American Express Chile | DolarE,¿Tienes cupo en dólares en tu Amex? Lo convertimos,Vende tu cupo en dólares de American Express en Ch,https://dolarexpress.cl/cupo-dolar-american-express.html,17,0,Canonical mismatch; Orphaned
https://dolarexpress.cl/cupo-dolar-amex/,Cupo Dólar American Express → Pesos Chilenos | Dol,Convierte el cupo en dólares de tu American Expres,Cupo Dólar American Express a Pesos Chilenos,https://dolarexpress.cl/cupo-dolar-amex.html,20,0,Canonical mismatch; Orphaned
https://dolarexpress.cl/cupo-dolar-antofagasta/,Cupo Dólar en Antofagasta — DolarExpress | DolarEx,Servicio de cambio de cupo en dólares en Antofagas,Vende tu cupo en dólares en Antofagasta y recibe p,https://dolarexpress.cl/cupo-dolar-arica/,17,0,Canonical mismatch; Orphaned
https://dolarexpress.cl/cupo-dolar-arica/,Cupo Dólar en Arica — DolarExpress | DolarExpress,Servicio de cambio de cupo en dólares en Arica. At,Vende tu cupo en dólares en Arica y recibe pesos h,https://dolarexpress.cl/cupo-dolar-arica.html,17,0,Canonical mismatch; Orphaned
https://dolarexpress.cl/cupo-dolar-banco-chile-amex/,Cupo Dólar Banco de Chile American Express | Dolar,Convierte el cupo de tu American Express de Banco ,Cupo Dólar Banco de Chile American Express a Pesos,https://dolarexpress.cl/cupo-dolar-bci-amex/,20,0,Canonical mismatch; Orphaned
https://dolarexpress.cl/cupo-dolar-banco-chile-antofagasta/,Cupo Dólar Banco de Chile Antofagasta | DolarExpre,Convierte tu cupo en dólares de Banco de Chile en ,Cupo Dólar Banco de Chile en Antofagasta,https://dolarexpress.cl/cupo-dolar-bci-temuco/,20,0,Canonical mismatch; Orphaned
https://dolarexpress.cl/cupo-dolar-banco-chile-concepcion/,Cupo Dólar Banco de Chile Concepción | DolarExpres,Convierte tu cupo en dólares de Banco de Chile en ,Cupo Dólar Banco de Chile en Concepción,https://dolarexpress.cl/cupo-dolar-bci-temuco/,20,0,Canonical mismatch; Orphaned
https://dolarexpress.cl/cupo-dolar-banco-chile-iquique/,Cupo Dólar Banco de Chile Iquique | DolarExpress,Convierte tu cupo en dólares de Banco de Chile en ,Cupo Dólar Banco de Chile en Iquique,https://dolarexpress.cl/cupo-dolar-bci-temuco/,20,0,Canonical mismatch; Orphaned
https://dolarexpress.cl/cupo-dolar-banco-chile-la-serena/,Cupo Dólar Banco de Chile La Serena | DolarExpress,Convierte tu cupo en dólares de Banco de Chile en ,Cupo Dólar Banco de Chile en La Serena,https://dolarexpress.cl/cupo-dolar-bci-temuco/,20,0,Canonical mismatch; Orphaned
https://dolarexpress.cl/cupo-dolar-banco-chile-mastercard-black/,Cupo Dólar Banco de Chile Mastercard Black | Dolar,Convierte el cupo de tu Mastercard Black de Banco ,Cupo Dólar Banco de Chile Mastercard Black a Pesos,https://dolarexpress.cl/cupo-dolar-bci-amex/,20,0,Canonical mismatch; Orphaned
https://dolarexpress.cl/cupo-dolar-banco-chile-mastercard-gold/,Cupo Dólar Banco de Chile Mastercard Gold | DolarE,Convierte el cupo de tu Mastercard Gold de Banco d,Cupo Dólar Banco de Chile Mastercard Gold a Pesos,https://dolarexpress.cl/cupo-dolar-bci-amex/,20,0,Canonical mismatch; Orphaned
https://dolarexpress.cl/cupo-dolar-banco-chile-mastercard-platinum/,Cupo Dólar Banco de Chile Mastercard Platinum | Do,Convierte el cupo de tu Mastercard Platinum de Ban,Cupo Dólar Banco de Chile Mastercard Platinum a Pe,https://dolarexpress.cl/cupo-dolar-bci-amex/,20,0,Canonical mismatch; Orphaned
https://dolarexpress.cl/cupo-dolar-banco-chile-puerto-montt/,Cupo Dólar Banco de Chile Puerto Montt | DolarExpr,Convierte tu cupo en dólares de Banco de Chile en ,Cupo Dólar Banco de Chile en Puerto Montt,https://dolarexpress.cl/cupo-dolar-bci-temuco/,20,0,Canonical mismatch; Orphaned
https://dolarexpress.cl/cupo-dolar-banco-chile-rancagua/,Cupo Dólar Banco de Chile Rancagua | DolarExpress,Convierte tu cupo en dólares de Banco de Chile en ,Cupo Dólar Banco de Chile en Rancagua,https://dolarexpress.cl/cupo-dolar-bci-temuco/,20,0,Canonical mismatch; Orphaned
https://dolarexpress.cl/cupo-dolar-banco-chile-santiago/,Cupo Dólar Banco de Chile Santiago | DolarExpress,Convierte tu cupo en dólares de Banco de Chile en ,Cupo Dólar Banco de Chile en Santiago,https://dolarexpress.cl/cupo-dolar-bci-temuco/,20,0,Canonical mismatch; Orphaned
https://dolarexpress.cl/cupo-dolar-banco-chile-temuco/,Cupo Dólar Banco de Chile Temuco | DolarExpress,Convierte tu cupo en dólares de Banco de Chile en ,Cupo Dólar Banco de Chile en Temuco,https://dolarexpress.cl/cupo-dolar-bci-temuco/,20,0,Canonical mismatch; Orphaned
https://dolarexpress.cl/cupo-dolar-banco-chile-valparaiso/,Cupo Dólar Banco de Chile Valparaíso | DolarExpres,Convierte tu cupo en dólares de Banco de Chile en ,Cupo Dólar Banco de Chile en Valparaíso,https://dolarexpress.cl/cupo-dolar-bci-temuco/,20,0,Canonical mismatch; Orphaned
https://dolarexpress.cl/cupo-dolar-banco-chile-vina-del-mar/,Cupo Dólar Banco de Chile Viña del Mar | DolarExpr,Convierte tu cupo en dólares de Banco de Chile en ,Cupo Dólar Banco de Chile en Viña del Mar,https://dolarexpress.cl/cupo-dolar-bci-temuco/,20,0,Canonical mismatch; Orphaned
https://dolarexpress.cl/cupo-dolar-banco-chile-visa-gold/,Cupo Dólar Banco de Chile Visa Gold | DolarExpress,Convierte el cupo de tu Visa Gold de Banco de Chil,Cupo Dólar Banco de Chile Visa Gold a Pesos,https://dolarexpress.cl/cupo-dolar-bci-amex/,20,0,Canonical mismatch; Orphaned
https://dolarexpress.cl/cupo-dolar-banco-chile-visa-platinum/,Cupo Dólar Banco de Chile Visa Platinum | DolarExp,Convierte el cupo de tu Visa Platinum de Banco de ,Cupo Dólar Banco de Chile Visa Platinum a Pesos,https://dolarexpress.cl/cupo-dolar-bci-amex/,20,0,Canonical mismatch; Orphaned
https://dolarexpress.cl/cupo-dolar-banco-chile-visa-signature/,Cupo Dólar Banco de Chile Visa Signature | DolarEx,Convierte el cupo de tu Visa Signature de Banco de,Cupo Dólar Banco de Chile Visa Signature a Pesos,https://dolarexpress.cl/cupo-dolar-bci-amex/,20,0,Canonical mismatch; Orphaned
https://dolarexpress.cl/cupo-dolar-banco-chile/,Cupo Dólar Banco de Chile | DolarExpress,¿Tienes cupo en dólares en el Banco de Chile? Conv,Vende tu cupo dólar del Banco de Chile,https://dolarexpress.cl/cupo-dolar-bci/,17,0,Canonical mismatch; Orphaned
https://dolarexpress.cl/cupo-dolar-banco-estado/,Cupo Dólar Banco Estado Chile | DolarExpress,Convierte tu cupo en dólares del Banco Estado a pe,Vende tu cupo dólar Banco Estado,https://dolarexpress.cl/cupo-dolar-banco-estado.html,17,0,Canonical mismatch; Orphaned
https://dolarexpress.cl/cupo-dolar-bancoestado-amex/,Cupo Dólar BancoEstado American Express | DolarExp,Convierte el cupo de tu American Express de BancoE,Cupo Dólar BancoEstado American Express a Pesos,https://dolarexpress.cl/cupo-dolar-bci-amex/,20,0,Canonical mismatch; Orphaned
https://dolarexpress.cl/cupo-dolar-bancoestado-antofagasta/,Cupo Dólar BancoEstado Antofagasta | DolarExpress,Convierte tu cupo en dólares de BancoEstado en Ant,Cupo Dólar BancoEstado en Antofagasta,https://dolarexpress.cl/cupo-dolar-bci-temuco/,20,0,Canonical mismatch; Orphaned
https://dolarexpress.cl/cupo-dolar-bancoestado-concepcion/,Cupo Dólar BancoEstado Concepción | DolarExpress,Convierte tu cupo en dólares de BancoEstado en Con,Cupo Dólar BancoEstado en Concepción,https://dolarexpress.cl/cupo-dolar-bci-temuco/,20,0,Canonical mismatch; Orphaned
https://dolarexpress.cl/cupo-dolar-bancoestado-iquique/,Cupo Dólar BancoEstado Iquique | DolarExpress,Convierte tu cupo en dólares de BancoEstado en Iqu,Cupo Dólar BancoEstado en Iquique,https://dolarexpress.cl/cupo-dolar-bci-temuco/,20,0,Canonical mismatch; Orphaned
https://dolarexpress.cl/cupo-dolar-bancoestado-la-serena/,Cupo Dólar BancoEstado La Serena | DolarExpress,Convierte tu cupo en dólares de BancoEstado en La ,Cupo Dólar BancoEstado en La Serena,https://dolarexpress.cl/cupo-dolar-bci-temuco/,20,0,Canonical mismatch; Orphaned
https://dolarexpress.cl/cupo-dolar-bancoestado-mastercard-black/,Cupo Dólar BancoEstado Mastercard Black | DolarExp,Convierte el cupo de tu Mastercard Black de BancoE,Cupo Dólar BancoEstado Mastercard Black a Pesos,https://dolarexpress.cl/cupo-dolar-bci-amex/,20,0,Canonical mismatch; Orphaned
https://dolarexpress.cl/cupo-dolar-bancoestado-mastercard-gold/,Cupo Dólar BancoEstado Mastercard Gold | DolarExpr,Convierte el cupo de tu Mastercard Gold de BancoEs,Cupo Dólar BancoEstado Mastercard Gold a Pesos,https://dolarexpress.cl/cupo-dolar-bci-amex/,20,0,Canonical mismatch; Orphaned
https://dolarexpress.cl/cupo-dolar-bancoestado-mastercard-platinum/,Cupo Dólar BancoEstado Mastercard Platinum | Dolar,Convierte el cupo de tu Mastercard Platinum de Ban,Cupo Dólar BancoEstado Mastercard Platinum a Pesos,https://dolarexpress.cl/cupo-dolar-bci-amex/,20,0,Canonical mismatch; Orphaned
https://dolarexpress.cl/cupo-dolar-bancoestado-puerto-montt/,Cupo Dólar BancoEstado Puerto Montt | DolarExpress,Convierte tu cupo en dólares de BancoEstado en Pue,Cupo Dólar BancoEstado en Puerto Montt,https://dolarexpress.cl/cupo-dolar-bci-temuco/,20,0,Canonical mismatch; Orphaned
https://dolarexpress.cl/cupo-dolar-bancoestado-rancagua/,Cupo Dólar BancoEstado Rancagua | DolarExpress,Convierte tu cupo en dólares de BancoEstado en Ran,Cupo Dólar BancoEstado en Rancagua,https://dolarexpress.cl/cupo-dolar-bci-temuco/,20,0,Canonical mismatch; Orphaned
https://dolarexpress.cl/cupo-dolar-bancoestado-santiago/,Cupo Dólar BancoEstado Santiago | DolarExpress,Convierte tu cupo en dólares de BancoEstado en San,Cupo Dólar BancoEstado en Santiago,https://dolarexpress.cl/cupo-dolar-bci-temuco/,20,0,Canonical mismatch; Orphaned
https://dolarexpress.cl/cupo-dolar-bancoestado-temuco/,Cupo Dólar BancoEstado Temuco | DolarExpress,Convierte tu cupo en dólares de BancoEstado en Tem,Cupo Dólar BancoEstado en Temuco,https://dolarexpress.cl/cupo-dolar-bci-temuco/,20,0,Canonical mismatch; Orphaned
https://dolarexpress.cl/cupo-dolar-bancoestado-valparaiso/,Cupo Dólar BancoEstado Valparaíso | DolarExpress,Convierte tu cupo en dólares de BancoEstado en Val,Cupo Dólar BancoEstado en Valparaíso,https://dolarexpress.cl/cupo-dolar-bci-temuco/,20,0,Canonical mismatch; Orphaned
https://dolarexpress.cl/cupo-dolar-bancoestado-vina-del-mar/,Cupo Dólar BancoEstado Viña del Mar | DolarExpress,Convierte tu cupo en dólares de BancoEstado en Viñ,Cupo Dólar BancoEstado en Viña del Mar,https://dolarexpress.cl/cupo-dolar-bci-temuco/,20,0,Canonical mismatch; Orphaned
https://dolarexpress.cl/cupo-dolar-bancoestado-visa-gold/,Cupo Dólar BancoEstado Visa Gold | DolarExpress,Convierte el cupo de tu Visa Gold de BancoEstado a,Cupo Dólar BancoEstado Visa Gold a Pesos,https://dolarexpress.cl/cupo-dolar-bci-amex/,20,0,Canonical mismatch; Orphaned
https://dolarexpress.cl/cupo-dolar-bancoestado-visa-platinum/,Cupo Dólar BancoEstado Visa Platinum | DolarExpres,Convierte el cupo de tu Visa Platinum de BancoEsta,Cupo Dólar BancoEstado Visa Platinum a Pesos,https://dolarexpress.cl/cupo-dolar-bci-amex/,20,0,Canonical mismatch; Orphaned
https://dolarexpress.cl/cupo-dolar-bancoestado-visa-signature/,Cupo Dólar BancoEstado Visa Signature | DolarExpre,Convierte el cupo de tu Visa Signature de BancoEst,Cupo Dólar BancoEstado Visa Signature a Pesos,https://dolarexpress.cl/cupo-dolar-bci-amex/,20,0,Canonical mismatch; Orphaned
https://dolarexpress.cl/cupo-dolar-bancoestado/,Cupo Dólar BancoEstado → Pesos en 15 min | DolarEx,Convierte tu cupo en dólares de BancoEstado a peso,Cupo Dólar BancoEstado → Pesos Chilenos,https://dolarexpress.cl/cupo-dolar-bancoestado.html,20,0,Canonical mismatch; Orphaned
https://dolarexpress.cl/cupo-dolar-bci-amex/,Cupo Dólar BCI American Express | DolarExpress,Convierte el cupo de tu American Express de BCI a ,Cupo Dólar BCI American Express a Pesos,https://dolarexpress.cl/cupo-dolar-bci-amex.html,20,0,Canonical mismatch; Orphaned
https://dolarexpress.cl/cupo-dolar-bci-antofagasta/,Cupo Dólar BCI Antofagasta | DolarExpress,Convierte tu cupo en dólares de BCI en Antofagasta,Cupo Dólar BCI en Antofagasta,https://dolarexpress.cl/cupo-dolar-bci-temuco/,20,0,Canonical mismatch; Orphaned
https://dolarexpress.cl/cupo-dolar-bci-concepcion/,Cupo Dólar BCI Concepción | DolarExpress,Convierte tu cupo en dólares de BCI en Concepción ,Cupo Dólar BCI en Concepción,https://dolarexpress.cl/cupo-dolar-bci-temuco/,20,0,Canonical mismatch; Orphaned
https://dolarexpress.cl/cupo-dolar-bci-iquique/,Cupo Dólar BCI Iquique | DolarExpress,Convierte tu cupo en dólares de BCI en Iquique a p,Cupo Dólar BCI en Iquique,https://dolarexpress.cl/cupo-dolar-bci-temuco/,20,0,Canonical mismatch; Orphaned
https://dolarexpress.cl/cupo-dolar-bci-la-serena/,Cupo Dólar BCI La Serena | DolarExpress,Convierte tu cupo en dólares de BCI en La Serena a,Cupo Dólar BCI en La Serena,https://dolarexpress.cl/cupo-dolar-bci-temuco/,20,0,Canonical mismatch; Orphaned
https://dolarexpress.cl/cupo-dolar-bci-mastercard-black/,Cupo Dólar BCI Mastercard Black | DolarExpress,Convierte el cupo de tu Mastercard Black de BCI a ,Cupo Dólar BCI Mastercard Black a Pesos,https://dolarexpress.cl/cupo-dolar-bci-amex/,20,0,Canonical mismatch; Orphaned
https://dolarexpress.cl/cupo-dolar-bci-mastercard-gold/,Cupo Dólar BCI Mastercard Gold | DolarExpress,Convierte el cupo de tu Mastercard Gold de BCI a p,Cupo Dólar BCI Mastercard Gold a Pesos,https://dolarexpress.cl/cupo-dolar-bci-amex/,20,0,Canonical mismatch; Orphaned
https://dolarexpress.cl/cupo-dolar-bci-mastercard-platinum/,Cupo Dólar BCI Mastercard Platinum | DolarExpress,Convierte el cupo de tu Mastercard Platinum de BCI,Cupo Dólar BCI Mastercard Platinum a Pesos,https://dolarexpress.cl/cupo-dolar-bci-amex/,20,0,Canonical mismatch; Orphaned
https://dolarexpress.cl/cupo-dolar-bci-puerto-montt/,Cupo Dólar BCI Puerto Montt | DolarExpress,Convierte tu cupo en dólares de BCI en Puerto Mont,Cupo Dólar BCI en Puerto Montt,https://dolarexpress.cl/cupo-dolar-bci-temuco/,20,0,Canonical mismatch; Orphaned
https://dolarexpress.cl/cupo-dolar-bci-rancagua/,Cupo Dólar BCI Rancagua | DolarExpress,Convierte tu cupo en dólares de BCI en Rancagua a ,Cupo Dólar BCI en Rancagua,https://dolarexpress.cl/cupo-dolar-bci-temuco/,20,0,Canonical mismatch; Orphaned
https://dolarexpress.cl/cupo-dolar-bci-santiago/,Cupo Dólar BCI Santiago | DolarExpress,Convierte tu cupo en dólares de BCI en Santiago a ,Cupo Dólar BCI en Santiago,https://dolarexpress.cl/cupo-dolar-bci-temuco/,20,0,Canonical mismatch; Orphaned
https://dolarexpress.cl/cupo-dolar-bci-temuco/,Cupo Dólar BCI Temuco | DolarExpress,Convierte tu cupo en dólares de BCI en Temuco a pe,Cupo Dólar BCI en Temuco,https://dolarexpress.cl/cupo-dolar-bci-temuco.html,20,0,Canonical mismatch; Orphaned
https://dolarexpress.cl/cupo-dolar-bci-valparaiso/,Cupo Dólar BCI Valparaíso | DolarExpress,Convierte tu cupo en dólares de BCI en Valparaíso ,Cupo Dólar BCI en Valparaíso,https://dolarexpress.cl/cupo-dolar-bci-temuco/,20,0,Canonical mismatch; Orphaned
https://dolarexpress.cl/cupo-dolar-bci-vina-del-mar/,Cupo Dólar BCI Viña del Mar | DolarExpress,Convierte tu cupo en dólares de BCI en Viña del Ma,Cupo Dólar BCI en Viña del Mar,https://dolarexpress.cl/cupo-dolar-bci-temuco/,20,0,Canonical mismatch; Orphaned
https://dolarexpress.cl/cupo-dolar-bci-visa-gold/,Cupo Dólar BCI Visa Gold | DolarExpress,Convierte el cupo de tu Visa Gold de BCI a pesos e,Cupo Dólar BCI Visa Gold a Pesos,https://dolarexpress.cl/cupo-dolar-bci-amex/,20,0,Canonical mismatch; Orphaned
https://dolarexpress.cl/cupo-dolar-bci-visa-platinum/,Cupo Dólar BCI Visa Platinum | DolarExpress,Convierte el cupo de tu Visa Platinum de BCI a pes,Cupo Dólar BCI Visa Platinum a Pesos,https://dolarexpress.cl/cupo-dolar-bci-amex/,20,0,Canonical mismatch; Orphaned
https://dolarexpress.cl/cupo-dolar-bci-visa-signature/,Cupo Dólar BCI Visa Signature | DolarExpress,Convierte el cupo de tu Visa Signature de BCI a pe,Cupo Dólar BCI Visa Signature a Pesos,https://dolarexpress.cl/cupo-dolar-bci-amex/,20,0,Canonical mismatch; Orphaned
https://dolarexpress.cl/cupo-dolar-bci/,Cupo Dólar BCI Chile | DolarExpress,¿Tienes cupo en dólares en BCI? Recibe pesos chile,Vende tu cupo dólar BCI,https://dolarexpress.cl/cupo-dolar-bci.html,17,0,Canonical mismatch; Orphaned
https://dolarexpress.cl/cupo-dolar-bice/,Cupo Dólar BICE Chile | DolarExpress,¿Tienes cupo en dólares en BICE? Recibe pesos chil,Vende tu cupo dólar BICE,https://dolarexpress.cl/cupo-dolar-bice,17,0,Orphaned
https://dolarexpress.cl/cupo-dolar-calama/,Cupo Dólar en Calama — DolarExpress | DolarExpress,Servicio de cambio de cupo en dólares en Calama. A,Vende tu cupo en dólares en Calama y recibe pesos ,https://dolarexpress.cl/cupo-dolar-arica/,17,0,Canonical mismatch; Orphaned
https://dolarexpress.cl/cupo-dolar-chillan/,Cupo Dólar en Chillán — DolarExpress | DolarExpres,Servicio de cambio de cupo en dólares en Chillán. ,Vende tu cupo en dólares en Chillán y recibe pesos,https://dolarexpress.cl/cupo-dolar-arica/,17,0,Canonical mismatch; Orphaned
https://dolarexpress.cl/cupo-dolar-cmr/,Cupo Dólar CMR Falabella Chile | DolarExpress,Convierte el cupo en dólares de tu tarjeta CMR Fal,Vende tu cupo dólar CMR Falabella,https://dolarexpress.cl/cupo-dolar-cmr,17,0,Orphaned
https://dolarexpress.cl/cupo-dolar-como-funciona/,Cómo Funciona el Cupo Dólar en Chile | DolarExpres,Entérate cómo funciona el cupo en dólares de las t,Así funciona el cupo dólar en Chile,https://dolarexpress.cl/cupo-dolar-como-funciona,17,0,Orphaned
https://dolarexpress.cl/cupo-dolar-concepcion/,Cupo Dólar en Concepción — DolarExpress | DolarExp,Servicio de cambio de cupo en dólares en Concepció,Vende tu cupo en dólares en Concepción y recibe pe,https://dolarexpress.cl/cupo-dolar-arica/,17,0,Canonical mismatch; Orphaned
https://dolarexpress.cl/cupo-dolar-confiable/,Servicio Confiable de Cupo Dólar Chile | DolarExpr,DolarExpress ofrece un servicio confiable y transp,El servicio más confiable para tu cupo en dólares,https://dolarexpress.cl/cupo-dolar-confiable,17,0,Orphaned
https://dolarexpress.cl/cupo-dolar-conviene/,¿Conviene Vender el Cupo en Dólares? | DolarExpres,Analizamos cuándo conviene y cuándo no vender el c,¿Te conviene vender tu cupo en dólares hoy?,https://dolarexpress.cl/cupo-dolar-conviene,17,0,Orphaned
https://dolarexpress.cl/cupo-dolar-copiapo/,Cupo Dólar en Copiapó — DolarExpress | DolarExpres,Servicio de cambio de cupo en dólares en Copiapó. ,Vende tu cupo en dólares en Copiapó y recibe pesos,https://dolarexpress.cl/cupo-dolar-arica/,17,0,Canonical mismatch; Orphaned
https://dolarexpress.cl/cupo-dolar-disponible/,Tengo Cupo Dólar Disponible ¿Qué Hago? | DolarExpr,Opciones para aprovechar tu cupo en dólares dispon,¿Qué puedes hacer con tu cupo dólar disponible?,https://dolarexpress.cl/cupo-dolar-disponible,17,0,Orphaned
https://dolarexpress.cl/cupo-dolar-empresas/,Cupo Dólar para Empresas Chile | DolarExpress,¿Tu empresa necesita liquidez en pesos usando cupo,Servicio de cupo dólar para empresas y personas ju,https://dolarexpress.cl/cupo-dolar-empresas,17,0,Orphaned
https://dolarexpress.cl/cupo-dolar-falabella/,Cupo Dólar Banco Falabella Chile | DolarExpress,Convierte el cupo en dólares de tu tarjeta Falabel,Vende tu cupo dólar Banco Falabella,https://dolarexpress.cl/cupo-dolar-falabella,17,0,Orphaned
https://dolarexpress.cl/cupo-dolar-fin-de-mes/,Usar Cupo Dólar a Fin de Mes Chile | DolarExpress,¿Necesitas liquidez a fin de mes? Convierte tu cup,Usa tu cupo dólar a fin de mes para tener liquidez,https://dolarexpress.cl/cupo-dolar-fin-de-mes,17,0,Orphaned
https://dolarexpress.cl/cupo-dolar-hoy-chile/,Cupo Dólar Hoy en Chile | DolarExpress,Cotiza hoy mismo el valor de tu cupo en dólares y ,Cotiza tu cupo dólar hoy en Chile,https://dolarexpress.cl/cupo-dolar-hoy-chile,17,0,Orphaned
https://dolarexpress.cl/cupo-dolar-internacional/,Cupo Internacional Tarjeta de Crédito Chile | Dola,Aprovecha el cupo internacional de tu tarjeta de c,Usa tu cupo internacional en dólares,https://dolarexpress.cl/cupo-dolar-internacional,17,0,Orphaned
https://dolarexpress.cl/cupo-dolar-iquique/,Cupo Dólar en Iquique — DolarExpress | DolarExpres,Servicio de cambio de cupo en dólares en Iquique. ,Vende tu cupo en dólares en Iquique y recibe pesos,https://dolarexpress.cl/cupo-dolar-arica/,17,0,Canonical mismatch; Orphaned
https://dolarexpress.cl/cupo-dolar-itau/,Cupo Dólar Itaú Chile | DolarExpress,¿Tienes cupo en dólares en Itaú? Conviértelo a pes,Vende tu cupo dólar Itaú,https://dolarexpress.cl/cupo-dolar-bci/,17,0,Canonical mismatch; Orphaned
https://dolarexpress.cl/cupo-dolar-la-serena/,Cupo Dólar en La Serena — DolarExpress | DolarExpr,Servicio de cambio de cupo en dólares en La Serena,Vende tu cupo en dólares en La Serena y recibe pes,https://dolarexpress.cl/cupo-dolar-arica/,17,0,Canonical mismatch; Orphaned
https://dolarexpress.cl/cupo-dolar-las-condes/,Cupo Dólar en Las Condes — DolarExpress | DolarExp,Servicio de cambio de cupo en dólares en Las Conde,Vende tu cupo en dólares en Las Condes y recibe pe,https://dolarexpress.cl/cupo-dolar-arica/,17,0,Canonical mismatch; Orphaned
https://dolarexpress.cl/cupo-dolar-mastercard/,Cupo Dólar Mastercard Chile | DolarExpress,Usa el cupo en dólares de tu Mastercard para recib,Vende el cupo dólar de tu Mastercard,https://dolarexpress.cl/cupo-dolar-mastercard,17,0,Orphaned
https://dolarexpress.cl/cupo-dolar-monto-minimo/,Monto Mínimo para Vender Cupo Dólar | DolarExpress,Descubre desde qué monto puedes vender tu cupo en ,¿Cuál es el monto mínimo para vender cupo dólar?,https://dolarexpress.cl/cupo-dolar-monto-minimo,17,0,Orphaned
https://dolarexpress.cl/cupo-dolar-online/,Cupo Dólar Online — Servicio 100% Digital Chile | ,Servicio de cupo dólar 100% online en Chile. Sin i,Vende tu cupo en dólares 100% online desde cualqui,https://dolarexpress.cl/cupo-dolar-online,17,0,Orphaned
https://dolarexpress.cl/cupo-dolar-osorno/,Cupo Dólar en Osorno — DolarExpress | DolarExpress,Servicio de cambio de cupo en dólares en Osorno. A,Vende tu cupo en dólares en Osorno y recibe pesos ,https://dolarexpress.cl/cupo-dolar-arica/,17,0,Canonical mismatch; Orphaned
https://dolarexpress.cl/cupo-dolar-persona-natural/,Cupo Dólar para Persona Natural Chile | DolarExpre,DolarExpress atiende a personas naturales que quie,Servicio de cupo dólar para personas naturales,https://dolarexpress.cl/cupo-dolar-persona-natural,17,0,Orphaned
https://dolarexpress.cl/cupo-dolar-primera-vez/,Vender Cupo Dólar por Primera Vez Chile | DolarExp,Guía para quienes quieren vender su cupo en dólare,¿Es tu primera vez vendiendo cupo dólar?,https://dolarexpress.cl/cupo-dolar-primera-vez,17,0,Orphaned
https://dolarexpress.cl/cupo-dolar-providencia/,Cupo Dólar en Providencia — DolarExpress | DolarEx,Servicio de cambio de cupo en dólares en Providenc,Vende tu cupo en dólares en Providencia y recibe p,https://dolarexpress.cl/cupo-dolar-arica/,17,0,Canonical mismatch; Orphaned
https://dolarexpress.cl/cupo-dolar-puerto-montt/,Cupo Dólar en Puerto Montt — DolarExpress | DolarE,Servicio de cambio de cupo en dólares en Puerto Mo,Vende tu cupo en dólares en Puerto Montt y recibe ,https://dolarexpress.cl/cupo-dolar-arica/,17,0,Canonical mismatch; Orphaned
https://dolarexpress.cl/cupo-dolar-punta-arenas/,Cupo Dólar en Punta Arenas — DolarExpress | DolarE,Servicio de cambio de cupo en dólares en Punta Are,Vende tu cupo en dólares en Punta Arenas y recibe ,https://dolarexpress.cl/cupo-dolar-arica/,17,0,Canonical mismatch; Orphaned
https://dolarexpress.cl/cupo-dolar-rancagua/,Cupo Dólar en Rancagua — DolarExpress | DolarExpre,Servicio de cambio de cupo en dólares en Rancagua.,Vende tu cupo en dólares en Rancagua y recibe peso,https://dolarexpress.cl/cupo-dolar-arica/,17,0,Canonical mismatch; Orphaned
https://dolarexpress.cl/cupo-dolar-rapido/,Vender Cupo Dólar Rápido en Chile | DolarExpress,El servicio más rápido para convertir cupo en dóla,La forma más rápida de convertir cupo dólar a peso,https://dolarexpress.cl/cupo-dolar-rapido,17,0,Orphaned
https://dolarexpress.cl/cupo-dolar-recomendado/,Servicio Recomendado de Cupo Dólar Chile | DolarEx,DolarExpress: el servicio recomendado para convert,El servicio recomendado para tu cupo dólar,https://dolarexpress.cl/cupo-dolar-recomendado,17,0,Orphaned
https://dolarexpress.cl/cupo-dolar-regiones-chile/,Cupo Dólar en Regiones de Chile | DolarExpress,DolarExpress atiende clientes de todas las regione,Servicio de cupo dólar para todo Chile,https://dolarexpress.cl/cupo-dolar-regiones-chile,17,0,Orphaned
https://dolarexpress.cl/cupo-dolar-requisitos/,Requisitos para Vender Cupo Dólar Chile | DolarExp,Conoce los requisitos mínimos para convertir tu cu,¿Qué necesitas para vender tu cupo en dólares?,https://dolarexpress.cl/cupo-dolar-requisitos,17,0,Orphaned
https://dolarexpress.cl/cupo-dolar-ripley/,Cupo Dólar Banco Ripley Chile | DolarExpress,Usa el cupo en dólares de tu tarjeta Ripley para r,Vende tu cupo dólar Banco Ripley,https://dolarexpress.cl/cupo-dolar-ripley,17,0,Orphaned
https://dolarexpress.cl/cupo-dolar-santander/,Cupo Dólar Santander Chile | DolarExpress,Convierte tu cupo en dólares del Banco Santander a,Vende tu cupo dólar Santander,https://dolarexpress.cl/cupo-dolar-santander,17,0,Orphaned
https://dolarexpress.cl/cupo-dolar-santiago/,Cupo Dólar en Santiago — DolarExpress | DolarExpre,Servicio de cambio de cupo en dólares en Santiago.,Vende tu cupo en dólares en Santiago y recibe peso,https://dolarexpress.cl/cupo-dolar-arica/,17,0,Canonical mismatch; Orphaned
https://dolarexpress.cl/cupo-dolar-scotiabank-temuco/,Cupo Dólar Scotiabank Temuco | DolarExpress,Convierte tu cupo en dólares de Scotiabank en Temu,Cupo Dólar Scotiabank en Temuco,https://dolarexpress.cl/cupo-dolar-bci-temuco/,20,0,Canonical mismatch; Orphaned
https://dolarexpress.cl/cupo-dolar-scotiabank-valparaiso/,Cupo Dólar Scotiabank Valparaíso | DolarExpress,Convierte tu cupo en dólares de Scotiabank en Valp,Cupo Dólar Scotiabank en Valparaíso,https://dolarexpress.cl/cupo-dolar-bci-temuco/,20,0,Canonical mismatch; Orphaned
https://dolarexpress.cl/cupo-dolar-scotiabank-vina-del-mar/,Cupo Dólar Scotiabank Viña del Mar | DolarExpress,Convierte tu cupo en dólares de Scotiabank en Viña,Cupo Dólar Scotiabank en Viña del Mar,https://dolarexpress.cl/cupo-dolar-bci-temuco/,20,0,Canonical mismatch; Orphaned
https://dolarexpress.cl/cupo-dolar-scotiabank-visa-gold/,Cupo Dólar Scotiabank Visa Gold | DolarExpress,Convierte el cupo de tu Visa Gold de Scotiabank a ,Cupo Dólar Scotiabank Visa Gold a Pesos,https://dolarexpress.cl/cupo-dolar-bci-amex/,20,0,Canonical mismatch; Orphaned
https://dolarexpress.cl/cupo-dolar-scotiabank-visa-platinum/,Cupo Dólar Scotiabank Visa Platinum | DolarExpress,Convierte el cupo de tu Visa Platinum de Scotiaban,Cupo Dólar Scotiabank Visa Platinum a Pesos,https://dolarexpress.cl/cupo-dolar-bci-amex/,20,0,Canonical mismatch; Orphaned
https://dolarexpress.cl/cupo-dolar-scotiabank-visa-signature/,Cupo Dólar Scotiabank Visa Signature | DolarExpres,Convierte el cupo de tu Visa Signature de Scotiaba,Cupo Dólar Scotiabank Visa Signature a Pesos,https://dolarexpress.cl/cupo-dolar-bci-amex/,20,0,Canonical mismatch; Orphaned
https://dolarexpress.cl/cupo-dolar-scotiabank/,Cupo Dólar Scotiabank Chile | DolarExpress,Usa el cupo en dólares de tu tarjeta Scotiabank pa,Vende tu cupo dólar Scotiabank,https://dolarexpress.cl/cupo-dolar-scotiabank,17,0,Orphaned
https://dolarexpress.cl/cupo-dolar-security-amex/,Cupo Dólar Banco Security American Express | Dolar,Convierte el cupo de tu American Express de Banco ,Cupo Dólar Banco Security American Express a Pesos,https://dolarexpress.cl/cupo-dolar-bci-amex/,20,0,Canonical mismatch; Orphaned
https://dolarexpress.cl/cupo-dolar-security-antofagasta/,Cupo Dólar Banco Security Antofagasta | DolarExpre,Convierte tu cupo en dólares de Banco Security en ,Cupo Dólar Banco Security en Antofagasta,https://dolarexpress.cl/cupo-dolar-bci-temuco/,20,0,Canonical mismatch; Orphaned
https://dolarexpress.cl/cupo-dolar-security-concepcion/,Cupo Dólar Banco Security Concepción | DolarExpres,Convierte tu cupo en dólares de Banco Security en ,Cupo Dólar Banco Security en Concepción,https://dolarexpress.cl/cupo-dolar-bci-temuco/,20,0,Canonical mismatch; Orphaned
https://dolarexpress.cl/cupo-dolar-security-iquique/,Cupo Dólar Banco Security Iquique | DolarExpress,Convierte tu cupo en dólares de Banco Security en ,Cupo Dólar Banco Security en Iquique,https://dolarexpress.cl/cupo-dolar-bci-temuco/,20,0,Canonical mismatch; Orphaned
https://dolarexpress.cl/cupo-dolar-security-la-serena/,Cupo Dólar Banco Security La Serena | DolarExpress,Convierte tu cupo en dólares de Banco Security en ,Cupo Dólar Banco Security en La Serena,https://dolarexpress.cl/cupo-dolar-bci-temuco/,20,0,Canonical mismatch; Orphaned
https://dolarexpress.cl/cupo-dolar-security-mastercard-black/,Cupo Dólar Banco Security Mastercard Black | Dolar,Convierte el cupo de tu Mastercard Black de Banco ,Cupo Dólar Banco Security Mastercard Black a Pesos,https://dolarexpress.cl/cupo-dolar-bci-amex/,20,0,Canonical mismatch; Orphaned
https://dolarexpress.cl/cupo-dolar-security-mastercard-gold/,Cupo Dólar Banco Security Mastercard Gold | DolarE,Convierte el cupo de tu Mastercard Gold de Banco S,Cupo Dólar Banco Security Mastercard Gold a Pesos,https://dolarexpress.cl/cupo-dolar-bci-amex/,20,0,Canonical mismatch; Orphaned
https://dolarexpress.cl/cupo-dolar-security-mastercard-platinum/,Cupo Dólar Banco Security Mastercard Platinum | Do,Convierte el cupo de tu Mastercard Platinum de Ban,Cupo Dólar Banco Security Mastercard Platinum a Pe,https://dolarexpress.cl/cupo-dolar-bci-amex/,20,0,Canonical mismatch; Orphaned
https://dolarexpress.cl/cupo-dolar-security-puerto-montt/,Cupo Dólar Banco Security Puerto Montt | DolarExpr,Convierte tu cupo en dólares de Banco Security en ,Cupo Dólar Banco Security en Puerto Montt,https://dolarexpress.cl/cupo-dolar-bci-temuco/,20,0,Canonical mismatch; Orphaned
https://dolarexpress.cl/cupo-dolar-security-rancagua/,Cupo Dólar Banco Security Rancagua | DolarExpress,Convierte tu cupo en dólares de Banco Security en ,Cupo Dólar Banco Security en Rancagua,https://dolarexpress.cl/cupo-dolar-bci-temuco/,20,0,Canonical mismatch; Orphaned
https://dolarexpress.cl/cupo-dolar-security-santiago/,Cupo Dólar Banco Security Santiago | DolarExpress,Convierte tu cupo en dólares de Banco Security en ,Cupo Dólar Banco Security en Santiago,https://dolarexpress.cl/cupo-dolar-bci-temuco/,20,0,Canonical mismatch; Orphaned
https://dolarexpress.cl/cupo-dolar-security-temuco/,Cupo Dólar Banco Security Temuco | DolarExpress,Convierte tu cupo en dólares de Banco Security en ,Cupo Dólar Banco Security en Temuco,https://dolarexpress.cl/cupo-dolar-bci-temuco/,20,0,Canonical mismatch; Orphaned
https://dolarexpress.cl/cupo-dolar-security-valparaiso/,Cupo Dólar Banco Security Valparaíso | DolarExpres,Convierte tu cupo en dólares de Banco Security en ,Cupo Dólar Banco Security en Valparaíso,https://dolarexpress.cl/cupo-dolar-bci-temuco/,20,0,Canonical mismatch; Orphaned
https://dolarexpress.cl/cupo-dolar-security-vina-del-mar/,Cupo Dólar Banco Security Viña del Mar | DolarExpr,Convierte tu cupo en dólares de Banco Security en ,Cupo Dólar Banco Security en Viña del Mar,https://dolarexpress.cl/cupo-dolar-bci-temuco/,20,0,Canonical mismatch; Orphaned
https://dolarexpress.cl/cupo-dolar-security-visa-gold/,Cupo Dólar Banco Security Visa Gold | DolarExpress,Convierte el cupo de tu Visa Gold de Banco Securit,Cupo Dólar Banco Security Visa Gold a Pesos,https://dolarexpress.cl/cupo-dolar-bci-amex/,20,0,Canonical mismatch; Orphaned
https://dolarexpress.cl/cupo-dolar-security-visa-platinum/,Cupo Dólar Banco Security Visa Platinum | DolarExp,Convierte el cupo de tu Visa Platinum de Banco Sec,Cupo Dólar Banco Security Visa Platinum a Pesos,https://dolarexpress.cl/cupo-dolar-bci-amex/,20,0,Canonical mismatch; Orphaned
https://dolarexpress.cl/cupo-dolar-security-visa-signature/,Cupo Dólar Banco Security Visa Signature | DolarEx,Convierte el cupo de tu Visa Signature de Banco Se,Cupo Dólar Banco Security Visa Signature a Pesos,https://dolarexpress.cl/cupo-dolar-bci-amex/,20,0,Canonical mismatch; Orphaned
https://dolarexpress.cl/cupo-dolar-security/,Cupo Dólar Banco Security Chile | DolarExpress,Convierte tu cupo en dólares del Banco Security a ,Vende tu cupo dólar Banco Security,https://dolarexpress.cl/cupo-dolar-security.html,17,0,Canonical mismatch; Orphaned
https://dolarexpress.cl/cupo-dolar-seguro/,¿Es Seguro Vender Cupo Dólar en Chile? | DolarExpr,Conoce cómo funciona un servicio seguro para conve,Vende tu cupo dólar de forma segura en Chile,https://dolarexpress.cl/cupo-dolar-seguro.html,17,0,Canonical mismatch; Orphaned
https://dolarexpress.cl/cupo-dolar-sin-complicaciones/,Vender Cupo Dólar Sin Complicaciones Chile | Dolar,El proceso más simple para convertir tu cupo en dó,La forma más simple de vender tu cupo dólar,https://dolarexpress.cl/cupo-dolar-sin-complicaciones.html,17,0,Canonical mismatch; Orphaned
https://dolarexpress.cl/cupo-dolar-sin-cuenta-bancaria/,Cupo Dólar Sin Cuenta Bancaria | DolarExpress,Alternativas para recibir tu dinero sin cuenta cor,Cupo Dólar Sin Cuenta Bancaria,https://dolarexpress.cl/cupo-dolar-tarjeta-empresas/,20,0,Canonical mismatch; Orphaned
https://dolarexpress.cl/cupo-dolar-sin-estafa/,Cómo Evitar Estafas al Vender Cupo Dólar | DolarEx,Tips para identificar un servicio confiable al ven,Vende tu cupo dólar sin riesgo de estafa,https://dolarexpress.cl/cupo-dolar-sin-estafa.html,17,0,Canonical mismatch; Orphaned
https://dolarexpress.cl/cupo-dolar-sin-monto-minimo/,Cupo Dólar Sin Monto Mínimo Chile | DolarExpress,Conoce los montos mínimos para operar cupo dólar e,¿Cuánto es el monto mínimo para vender cupo dólar?,https://dolarexpress.cl/cupo-dolar-sin-monto-minimo.html,17,0,Canonical mismatch; Orphaned
https://dolarexpress.cl/cupo-dolar-sin-usar/,Tengo Cupo Dólar Sin Usar en Chile | DolarExpress,"Si tienes cupo en dólares disponible sin usar, Dol",¿Tienes cupo en dólares sin usar? Conviértelo,https://dolarexpress.cl/cupo-dolar-sin-usar.html,17,0,Canonical mismatch; Orphaned
https://dolarexpress.cl/cupo-dolar-talca/,Cupo Dólar en Talca — DolarExpress | DolarExpress,Servicio de cambio de cupo en dólares en Talca. At,Vende tu cupo en dólares en Talca y recibe pesos h,https://dolarexpress.cl/cupo-dolar-arica/,17,0,Canonical mismatch; Orphaned
https://dolarexpress.cl/cupo-dolar-tarjeta-bloqueada/,Cupo Dólar Tarjeta Bloqueada | DolarExpress,Qué hacer si tu tarjeta está bloqueada para compra,Cupo Dólar Tarjeta Bloqueada,https://dolarexpress.cl/cupo-dolar-tarjeta-empresas/,20,0,Canonical mismatch; Orphaned
https://dolarexpress.cl/cupo-dolar-tarjeta-empresas/,Cupo Dólar Tarjeta Empresa | DolarExpress,Cómo usar el cupo internacional de tu tarjeta corp,Cupo Dólar Tarjeta Empresa,https://dolarexpress.cl/cupo-dolar-tarjeta-empresas.html,20,0,Canonical mismatch; Orphaned
https://dolarexpress.cl/cupo-dolar-temuco/,Cupo Dólar en Temuco — DolarExpress | DolarExpress,Servicio de cambio de cupo en dólares en Temuco. A,Vende tu cupo en dólares en Temuco y recibe pesos ,https://dolarexpress.cl/cupo-dolar-arica/,17,0,Canonical mismatch; Orphaned
https://dolarexpress.cl/cupo-dolar-tiempo/,¿Cuánto Tarda Convertir Cupo Dólar a Pesos? | Dola,Conoce los tiempos reales para convertir tu cupo e,Tiempos reales para convertir cupo dólar a pesos,https://dolarexpress.cl/cupo-dolar-tiempo.html,17,0,Canonical mismatch; Orphaned
https://dolarexpress.cl/cupo-dolar-transferencia-inmediata/,Cupo Dólar con Transferencia Inmediata Chile | Dol,Convierte tu cupo en dólares a pesos chilenos con ,Vende tu cupo dólar y recibe transferencia inmedia,https://dolarexpress.cl/cupo-dolar-transferencia-inmediata.html,17,0,Canonical mismatch; Orphaned
https://dolarexpress.cl/cupo-dolar-urgente/,Vender Cupo Dólar Urgente Chile | DolarExpress,Servicio de conversión urgente de cupo en dólares ,¿Necesitas vender tu cupo dólar de forma urgente?,https://dolarexpress.cl/cupo-dolar-urgente.html,17,0,Canonical mismatch; Orphaned
https://dolarexpress.cl/cupo-dolar-valdivia/,Cupo Dólar en Valdivia — DolarExpress | DolarExpre,Servicio de cambio de cupo en dólares en Valdivia.,Vende tu cupo en dólares en Valdivia y recibe peso,https://dolarexpress.cl/cupo-dolar-arica/,17,0,Canonical mismatch; Orphaned
https://dolarexpress.cl/cupo-dolar-valparaiso/,Cupo Dólar en Valparaíso — DolarExpress | DolarExp,Servicio de cambio de cupo en dólares en Valparaís,Vende tu cupo en dólares en Valparaíso y recibe pe,https://dolarexpress.cl/cupo-dolar-arica/,17,0,Canonical mismatch; Orphaned
https://dolarexpress.cl/cupo-dolar-vina-del-mar/,Cupo Dólar en Viña del Mar — DolarExpress | DolarE,Servicio de cambio de cupo en dólares en Viña del ,Vende tu cupo en dólares en Viña del Mar y recibe ,https://dolarexpress.cl/cupo-dolar-arica/,17,0,Canonical mismatch; Orphaned
https://dolarexpress.cl/cupo-dolar-visa-gold/,Cupo Dólar Visa Gold → Pesos Chilenos | DolarExpre,Convierte el cupo en dólares de tu Visa Gold a pes,Cupo Dólar Visa Gold a Pesos Chilenos,https://dolarexpress.cl/cupo-dolar-amex/,20,0,Canonical mismatch; Orphaned
https://dolarexpress.cl/cupo-dolar-visa-platinum/,Cupo Dólar Visa Platinum → Pesos Chilenos | DolarE,Convierte el cupo en dólares de tu Visa Platinum a,Cupo Dólar Visa Platinum a Pesos Chilenos,https://dolarexpress.cl/cupo-dolar-amex/,20,0,Canonical mismatch; Orphaned
https://dolarexpress.cl/cupo-dolar-visa-signature/,Cupo Dólar Visa Signature → Pesos Chilenos | Dolar,Convierte el cupo en dólares de tu Visa Signature ,Cupo Dólar Visa Signature a Pesos Chilenos,https://dolarexpress.cl/cupo-dolar-amex/,20,0,Canonical mismatch; Orphaned
https://dolarexpress.cl/cupo-dolar-visa/,Cupo Dólar Tarjeta Visa Chile | DolarExpress,Convierte el cupo en dólares de tu tarjeta Visa a ,Vende el cupo dólar de tu Visa,https://dolarexpress.cl/cupo-dolar-visa.html,17,0,Canonical mismatch; Orphaned
https://dolarexpress.cl/cupo-dolar-whatsapp/,Vender Cupo Dólar por WhatsApp Chile | DolarExpres,El servicio más conveniente para vender tu cupo en,Vende tu cupo dólar directo por WhatsApp,https://dolarexpress.cl/cupo-dolar-whatsapp.html,17,0,Canonical mismatch; Orphaned
https://dolarexpress.cl/cupo-dolares-tarjeta-credito/,Cupo en Dólares Tarjeta de Crédito Chile | DolarEx,¿Tienes cupo disponible en dólares en tu tarjeta d,Convierte tu cupo en dólares de tarjeta de crédito,https://dolarexpress.cl/cupo-dolares-tarjeta-credito,17,0,Orphaned
https://dolarexpress.cl/cupo-en-dolares/,Cupo en Dólares — Cómo Usarlo en Chile | DolarExpr,Aprende cómo usar tu cupo en dólares para obtener ,¿Tienes cupo en dólares? Conviértelo en pesos chil,https://dolarexpress.cl/cupo-en-dolares.html,17,0,Canonical mismatch; Orphaned
https://dolarexpress.cl/cupo-internacional-a-pesos/,Cupo Internacional a Pesos Chilenos | DolarExpress,Convierte tu cupo internacional a pesos a pesos ch,Cupo Internacional a Pesos Chilenos,https://dolarexpress.cl/cupo-internacional-bci/,20,0,Canonical mismatch; Orphaned
https://dolarexpress.cl/cupo-internacional-banco-chile/,Cupo Internacional Banco de Chile | DolarExpress,Convierte tu cupo internacional banco de chile a p,Cupo Internacional Banco de Chile,https://dolarexpress.cl/cupo-internacional-bci/,20,0,Canonical mismatch; Orphaned
https://dolarexpress.cl/cupo-internacional-bancoestado/,Cupo Internacional BancoEstado | DolarExpress,Convierte tu cupo internacional bancoestado a peso,Cupo Internacional BancoEstado,https://dolarexpress.cl/cupo-internacional-bci/,20,0,Canonical mismatch; Orphaned
https://dolarexpress.cl/cupo-internacional-bci/,Cupo Internacional BCI a Pesos | DolarExpress,Convierte tu cupo internacional bci a pesos chilen,Cupo Internacional BCI a Pesos,https://dolarexpress.cl/cupo-internacional-bci.html,20,0,Canonical mismatch; Orphaned
https://dolarexpress.cl/cupo-internacional-santander/,Cupo Internacional Santander Chile | DolarExpress,Convierte tu cupo internacional santander a pesos ,Cupo Internacional Santander Chile,https://dolarexpress.cl/cupo-internacional-bci/,20,0,Canonical mismatch; Orphaned
https://dolarexpress.cl/cupo-internacional-tarjeta-credito/,Cupo Internacional Tarjeta de Crédito Chile | Dola,Convierte tu cupo internacional tarjeta de crédito,Cupo Internacional Tarjeta de Crédito Chile,https://dolarexpress.cl/cupo-internacional-bci/,20,0,Canonical mismatch; Orphaned
https://dolarexpress.cl/cupo-internacional-tarjeta/,Cupo Internacional Tarjeta Chile | DolarExpress,Usa el cupo internacional de tu tarjeta de crédito,Aprovecha el cupo internacional de tu tarjeta,https://dolarexpress.cl/cupo-internacional-tarjeta.html,17,0,Canonical mismatch; Orphaned
https://dolarexpress.cl/cupo-para-compras-a-efectivo-chile/,"Cupo Para Compras A Efectivo Chile: Proceso, Costo","Cupo Para Compras A Efectivo Chile: comisión 15%, ",Cupo Para Compras A Efectivo Chile,https://dolarexpress.cl/sacar-plata-ripley/,20,0,Canonical mismatch; Orphaned
https://dolarexpress.cl/cupo-tarjeta-a-transferencia/,Transferir Cupo tu tarjeta de tienda a Cuenta Banc,Transfiere cupo tu tarjeta de tienda a tu cuenta b,Cupo Tarjeta A Transferencia,https://dolarexpress.cl/sacar-plata-ripley/,20,0,Canonical mismatch; Orphaned
https://dolarexpress.cl/cupo-usd-a-clp/,Cupo USD a CLP en Chile | DolarExpress,Servicio de conversión de cupo en USD a CLP para t,Convierte tu cupo USD a CLP hoy,https://dolarexpress.cl/cupo-usd-a-clp.html,17,0,Canonical mismatch; Orphaned
https://dolarexpress.cl/directorio-general/,Directorio de Servicios Financieros | DolarExpress,Mapa del sitio completo. Servicios de liquidación ,Directorio Maestro de URLs DolarExpress,https://dolarexpress.cl/directorio-general.html,290,0,Canonical mismatch; Orphaned
https://dolarexpress.cl/efectivo-cupo-dolar/,Efectivo con Cupo Dólar Chile | DolarExpress,Transforma tu cupo en dólares en pesos chilenos po,Recibe pesos en efectivo usando tu cupo dólar,https://dolarexpress.cl/efectivo-cupo-dolar.html,17,0,Canonical mismatch; Orphaned
https://dolarexpress.cl/es-legal-vender-cupo-dolar/,¿Es Legal Vender Cupo en Dólares en Chile? | Dolar,Resuelve tus dudas sobre la legalidad de vender cu,¿Es legal vender el cupo en dólares de tu tarjeta?,https://dolarexpress.cl/es-legal-vender-cupo-dolar.html,17,0,Canonical mismatch; Orphaned
https://dolarexpress.cl/girar-cupo-dolares/,Girar Cupo en Dólares Chile | DolarExpress,Servicio para girar tu cupo en dólares de tarjeta ,Gira tu cupo en dólares y recibe pesos chilenos,https://dolarexpress.cl/girar-cupo-dolares.html,17,0,Canonical mismatch; Orphaned
https://dolarexpress.cl/girar-dolares-tarjeta/,Girar Dólares desde Tarjeta de Crédito en Chile | ,Gira los dólares disponibles en tu tarjeta de créd,Gira dólares desde tu tarjeta de crédito y recibe ,https://dolarexpress.cl/girar-dolares-tarjeta.html,17,0,Canonical mismatch; Orphaned
https://dolarexpress.cl/hites-plata-rapido/,Efectivo con Hites en 25 minutos: Proceso y Costos,Efectivo en 25 minutos con Hites. Comisión 15%. Cr,Hites Plata RáPido,https://dolarexpress.cl/hites-plata-rapido/,20,0,Orphaned
https://dolarexpress.cl/,Vender Cupo en Dólares a Pesos | Transferencia Inm,¿Necesitas liquidez? Compramos tu cupo en dólares ,Vende tu Cupo en Dólares a Pesos,https://dolarexpress.cl/,16,0,Orphaned
https://dolarexpress.cl/liquidar-cupo-dolar/,Liquidar Cupo en Dólares Chile | DolarExpress,Liquidación de cupo en dólares a pesos chilenos. P,Liquida tu cupo en dólares y recibe pesos al insta,https://dolarexpress.cl/liquidar-cupo-dolar.html,17,0,Canonical mismatch; Orphaned
https://dolarexpress.cl/liquidez-cupo-dolar/,Liquidez con Cupo en Dólares Chile | DolarExpress,Convierte tu cupo en dólares en liquidez en pesos ,Obtén liquidez inmediata con tu cupo dólar,https://dolarexpress.cl/liquidez-cupo-dolar.html,17,0,Canonical mismatch; Orphaned
https://dolarexpress.cl/mejor-tasa-cupo-dolar/,Mejor Tasa para Cupo Dólar en Chile | DolarExpress,Cómo obtener la mejor tasa al convertir tu cupo en,Consigue la mejor tasa para tu cupo en dólares,https://dolarexpress.cl/mejor-tasa-cupo-dolar.html,17,0,Canonical mismatch; Orphaned
https://dolarexpress.cl/necesito-pesos-tengo-dolares/,Necesito Pesos y Tengo Dólares en Chile | DolarExp,Si tienes cupo en dólares y necesitas pesos chilen,¿Necesitas pesos urgente y tienes cupo en dólares?,https://dolarexpress.cl/necesito-pesos-tengo-dolares.html,17,0,Canonical mismatch; Orphaned
https://dolarexpress.cl/necesito-plata-y-tengo-cupo-en-tarjeta/,Efectivo desde Tarjeta de Tienda: Costos y Riesgos,Tarjeta de tienda a efectivo: costos reales (15% c,Necesito Plata Y Tengo Cupo En Tarjeta,https://dolarexpress.cl/sacar-plata-ripley/,20,0,Canonical mismatch; Orphaned
https://dolarexpress.cl/pagar-con-cupo-dolar/,Pagar Deudas con Cupo Dólar Chile | DolarExpress,Convierte tu cupo en dólares en pesos chilenos par,Usa tu cupo dólar para obtener liquidez y pagar de,https://dolarexpress.cl/pagar-con-cupo-dolar.html,17,0,Canonical mismatch; Orphaned
https://dolarexpress.cl/page1/,Page 1,,This is Page 1,https://dolarexpress.cl/page1.html,2,0,No description; Canonical mismatch; Orphaned
https://dolarexpress.cl/pasar-cupo-de-compras-a-efectivo/,Cupo de Compras tu tarjeta de tienda a Efectivo: C,Convierte cupo de compras tu tarjeta de tienda en ,Pasar Cupo De Compras A Efectivo,https://dolarexpress.cl/cupo-compras-a-efectivo-ripley/,20,0,Canonical mismatch; Orphaned
https://dolarexpress.cl/plata-rapida-con-tarjeta-retail-chile/,"Plata RáPida Con Tarjeta Retail Chile: Proceso, Co",Plata RáPida Con Tarjeta Retail Chile: comisión 15,Plata RáPida Con Tarjeta Retail Chile,https://dolarexpress.cl/sacar-plata-ripley/,20,0,Canonical mismatch; Orphaned
https://dolarexpress.cl/privacidad/,Política de Privacidad | DolarExpress,Política de privacidad de DolarExpress. Conoce cóm,Política de Privacidad,https://dolarexpress.cl/privacidad.html,4,0,Canonical mismatch; Orphaned
https://dolarexpress.cl/que-es-cupo-dolar/,¿Qué es el Cupo en Dólares de tu Tarjeta? | DolarE,Explicación clara de qué es el cupo en dólares de ,¿Qué es el cupo en dólares y cómo usarlo?,https://dolarexpress.cl/que-es-cupo-dolar.html,17,0,Canonical mismatch; Orphaned
https://dolarexpress.cl/riesgos-vender-cupo-dolar/,Riesgos de Vender Cupo en Dólares Chile | DolarExp,Conoce los riesgos y cuidados al vender tu cupo en,¿Cuáles son los riesgos de vender tu cupo dólar?,https://dolarexpress.cl/riesgos-vender-cupo-dolar.html,17,0,Canonical mismatch; Orphaned
https://dolarexpress.cl/ripley-plata-al-tiro/,Efectivo con Ripley en 20 minutos: Proceso y Costo,Efectivo en 20 minutos con Ripley. Comisión 15%. C,Ripley Plata Al Tiro,https://dolarexpress.cl/sacar-plata-ripley/,20,0,Canonical mismatch; Orphaned
https://dolarexpress.cl/sacar-cupo-dolares/,Sacar Cupo en Dólares Chile | DolarExpress,¿Quieres sacar tu cupo en dólares? Recibe pesos ch,Saca tu cupo en dólares y recibe pesos al instante,https://dolarexpress.cl/sacar-cupo-dolares.html,17,0,Canonical mismatch; Orphaned
https://dolarexpress.cl/sacar-dinero-tarjeta-abc-din/,"Sacar Dinero Tarjeta Abc Din: Proceso, Costos y Ri","Sacar Dinero Tarjeta Abc Din: comisión 15%, proces",Sacar Dinero Tarjeta Abc Din,https://dolarexpress.cl/avance-abc-visa/,20,0,Canonical mismatch; Orphaned
https://dolarexpress.cl/sacar-dinero-tarjeta-casa-comercial/,"Sacar Dinero Tarjeta Casa Comercial: Proceso, Cost","Sacar Dinero Tarjeta Casa Comercial: comisión 15%,",Sacar Dinero Tarjeta Casa Comercial,https://dolarexpress.cl/sacar-plata-ripley/,20,0,Canonical mismatch; Orphaned
https://dolarexpress.cl/sacar-dinero-tarjeta-cmr-falabella/,"Sacar Dinero Tarjeta Cmr Falabella: Proceso, Costo","Sacar Dinero Tarjeta Cmr Falabella: comisión 15%, ",Sacar Dinero Tarjeta Cmr Falabella,https://dolarexpress.cl/sacar-plata-cmr/,20,0,Canonical mismatch; Orphaned
https://dolarexpress.cl/sacar-dinero-tarjeta-hites/,"Sacar Dinero Tarjeta Hites: Proceso, Costos y Ries","Sacar Dinero Tarjeta Hites: comisión 15%, proceso ",Sacar Dinero Tarjeta Hites,https://dolarexpress.cl/hites-plata-rapido/,20,0,Canonical mismatch; Orphaned
https://dolarexpress.cl/sacar-dinero-tarjeta-jumbo/,"Sacar Dinero Tarjeta Jumbo: Proceso, Costos y Ries","Sacar Dinero Tarjeta Jumbo: comisión 15%, proceso ",Sacar Dinero Tarjeta Jumbo,https://dolarexpress.cl/avance-tarjeta-easy/,20,0,Canonical mismatch; Orphaned
https://dolarexpress.cl/sacar-dinero-tarjeta-la-polar/,"Sacar Dinero Tarjeta La Polar: Proceso, Costos y R","Sacar Dinero Tarjeta La Polar: comisión 15%, proce",Sacar Dinero Tarjeta La Polar,https://dolarexpress.cl/avance-la-polar-cuotas/,20,0,Canonical mismatch; Orphaned
https://dolarexpress.cl/sacar-dinero-tarjeta-lider/,"Sacar Dinero Tarjeta Lider: Proceso, Costos y Ries","Sacar Dinero Tarjeta Lider: comisión 15%, proceso ",Sacar Dinero Tarjeta Lider,https://dolarexpress.cl/avance-lider-bci-online/,20,0,Canonical mismatch; Orphaned
https://dolarexpress.cl/sacar-dinero-tarjeta-paris/,"Sacar Dinero Tarjeta Paris: Proceso, Costos y Ries","Sacar Dinero Tarjeta Paris: comisión 15%, proceso ",Sacar Dinero Tarjeta Paris,https://dolarexpress.cl/avance-tarjeta-easy/,20,0,Canonical mismatch; Orphaned
https://dolarexpress.cl/sacar-dinero-tarjeta-ripley/,"Sacar Dinero Tarjeta Ripley: Proceso, Costos y Rie","Sacar Dinero Tarjeta Ripley: comisión 15%, proceso",Sacar Dinero Tarjeta Ripley,https://dolarexpress.cl/sacar-plata-ripley/,20,0,Canonical mismatch; Orphaned
https://dolarexpress.cl/sacar-plata-cmr/,"Sacar Plata Cmr: Proceso, Costos y Riesgos | Dolar","Sacar Plata Cmr: comisión 15%, proceso en 15 minut",Sacar Plata Cmr,https://dolarexpress.cl/sacar-plata-cmr/,20,0,Orphaned
https://dolarexpress.cl/sacar-plata-de-tarjeta-de-tienda/,"Sacar Plata De Tarjeta De Tienda: Proceso, Costos ","Sacar Plata De Tarjeta De Tienda: comisión 15%, pr",Sacar Plata De Tarjeta De Tienda,https://dolarexpress.cl/sacar-plata-ripley/,20,0,Canonical mismatch; Orphaned
https://dolarexpress.cl/sacar-plata-ripley/,"Sacar Plata Ripley: Proceso, Costos y Riesgos | Do","Sacar Plata Ripley: comisión 15%, proceso en 20 mi",Sacar Plata Ripley,https://dolarexpress.cl/sacar-plata-ripley/,20,0,Orphaned
https://dolarexpress.cl/sacar-plata-tarjeta-abcdin/,"Sacar Plata Tarjeta Abcdin: Proceso, Costos y Ries","Sacar Plata Tarjeta Abcdin: comisión 15%, proceso ",Sacar Plata Tarjeta Abcdin,https://dolarexpress.cl/avance-abc-visa/,20,0,Canonical mismatch; Orphaned
https://dolarexpress.cl/sacar-plata-tarjeta-cencosud/,"Sacar Plata Tarjeta Cencosud: Proceso, Costos y Ri","Sacar Plata Tarjeta Cencosud: comisión 15%, proces",Sacar Plata Tarjeta Cencosud,https://dolarexpress.cl/avance-tarjeta-easy/,20,0,Canonical mismatch; Orphaned
https://dolarexpress.cl/sacar-plata-tarjeta-hites/,"Sacar Plata Tarjeta Hites: Proceso, Costos y Riesg","Sacar Plata Tarjeta Hites: comisión 15%, proceso e",Sacar Plata Tarjeta Hites,https://dolarexpress.cl/hites-plata-rapido/,20,0,Canonical mismatch; Orphaned
https://dolarexpress.cl/sacar-plata-tarjeta-lider/,"Sacar Plata Tarjeta Lider: Proceso, Costos y Riesg","Sacar Plata Tarjeta Lider: comisión 15%, proceso e",Sacar Plata Tarjeta Lider,https://dolarexpress.cl/avance-lider-bci-online/,20,0,Canonical mismatch; Orphaned
https://dolarexpress.cl/sacar-plata-tarjeta-polar/,"Sacar Plata Tarjeta Polar: Proceso, Costos y Riesg","Sacar Plata Tarjeta Polar: comisión 15%, proceso e",Sacar Plata Tarjeta Polar,https://dolarexpress.cl/avance-la-polar-cuotas/,20,0,Canonical mismatch; Orphaned
https://dolarexpress.cl/servicios-cupo-dolar/,Servicios de cambio de cupo en dólares | DolarExpr,Conoce los servicios de DolarExpress para cambiar ,Servicios de cambio de cupo en dólares,https://dolarexpress.cl/servicios-cupo-dolar.html,9,0,Canonical mismatch; Orphaned
https://dolarexpress.cl/superavance-cmr-falabella/,Alternativa al Superavance CMR: Comparativa de Cos,Comparativa: superavance vs cupo de compras CMR. C,Superavance Cmr Falabella,https://dolarexpress.cl/sacar-plata-cmr/,20,0,Canonical mismatch; Orphaned
https://dolarexpress.cl/superavance-tarjeta-lider/,Alternativa al Superavance Líder: Comparativa de C,Comparativa: superavance vs cupo de compras Líder.,Superavance Tarjeta Lider,https://dolarexpress.cl/avance-lider-bci-online/,20,0,Canonical mismatch; Orphaned
https://dolarexpress.cl/superavance-tarjeta-paris-cencosud/,Alternativa al Superavance Paris / Cencosud: Compa,Comparativa: superavance vs cupo de compras Paris ,Superavance Tarjeta Paris Cencosud,https://dolarexpress.cl/avance-tarjeta-easy/,20,0,Canonical mismatch; Orphaned
https://dolarexpress.cl/tarjeta-abc-din-efectivo-rapido/,Efectivo con ABCDin en 20 minutos: Proceso y Costo,Efectivo en 20 minutos con ABCDin. Comisión 15%. C,Tarjeta Abc Din Efectivo RáPido,https://dolarexpress.cl/avance-abc-visa/,20,0,Canonical mismatch; Orphaned
https://dolarexpress.cl/tarjeta-abc-sin-avance/,ABCDin Sin Avance: Cómo Obtener Efectivo con Cupo ,Obtén efectivo de tu ABCDin sin avance habilitado.,Tarjeta Abc Sin Avance,https://dolarexpress.cl/tarjeta-abc-sin-avance/,20,0,Orphaned
https://dolarexpress.cl/tarjeta-cmr-sin-avance/,CMR Sin Avance: Cómo Obtener Efectivo con Cupo de ,Obtén efectivo de tu CMR sin avance habilitado. Co,Tarjeta Cmr Sin Avance,https://dolarexpress.cl/tarjeta-cmr-sin-avance/,20,0,Orphaned
https://dolarexpress.cl/tarjeta-credito-cupo-dolar/,Tarjeta de Crédito con Cupo en Dólares Chile | Dol,Conoce qué tarjetas de crédito tienen cupo en dóla,¿Tu tarjeta tiene cupo en dólares? Aprovéchalo,https://dolarexpress.cl/tarjeta-credito-cupo-dolar.html,17,0,Canonical mismatch; Orphaned
https://dolarexpress.cl/tarjeta-hites-sin-avance/,Hites Sin Avance: Cómo Obtener Efectivo con Cupo d,Obtén efectivo de tu Hites sin avance habilitado. ,Tarjeta Hites Sin Avance,https://dolarexpress.cl/tarjeta-hites-sin-avance/,20,0,Orphaned
https://dolarexpress.cl/tarjeta-la-polar-sin-avance/,La Polar Sin Avance: Cómo Obtener Efectivo con Cup,Obtén efectivo de tu La Polar sin avance habilitad,Tarjeta La Polar Sin Avance,https://dolarexpress.cl/tarjeta-la-polar-sin-avance/,20,0,Orphaned
https://dolarexpress.cl/tarjeta-lider-bci-efectivo-rapido/,Efectivo con Líder en 20 minutos: Proceso y Costos,Efectivo en 20 minutos con Líder. Comisión 15%. Cr,Tarjeta Lider Bci Efectivo RáPido,https://dolarexpress.cl/avance-lider-bci-online/,20,0,Canonical mismatch; Orphaned
https://dolarexpress.cl/tarjeta-lider-con-cupo-y-sin-avance/,Líder Sin Avance: Cómo Obtener Efectivo con Cupo d,Obtén efectivo de tu Líder sin avance habilitado. ,Tarjeta Lider Con Cupo Y Sin Avance,https://dolarexpress.cl/tarjeta-lider-sin-avance/,20,0,Canonical mismatch; Orphaned
https://dolarexpress.cl/tarjeta-lider-sin-avance/,Líder Sin Avance: Cómo Obtener Efectivo con Cupo d,Obtén efectivo de tu Líder sin avance habilitado. ,Tarjeta Lider Sin Avance,https://dolarexpress.cl/tarjeta-lider-sin-avance/,20,0,Orphaned
https://dolarexpress.cl/tarjeta-paris-plata-rapido/,Efectivo con Paris / Cencosud en 25 minutos: Proce,Efectivo en 25 minutos con Paris / Cencosud. Comis,Tarjeta Paris Plata RáPido,https://dolarexpress.cl/avance-tarjeta-easy/,20,0,Canonical mismatch; Orphaned
https://dolarexpress.cl/tarjeta-paris-sin-avance/,Paris / Cencosud Sin Avance: Cómo Obtener Efectivo,Obtén efectivo de tu Paris / Cencosud sin avance h,Tarjeta Paris Sin Avance,https://dolarexpress.cl/tarjeta-paris-sin-avance/,20,0,Orphaned
https://dolarexpress.cl/tarjeta-retail-efectivo-mismo-dia/,Efectivo con tu tarjeta de tienda en 15-30 minutos,Efectivo en 15-30 minutos con tu tarjeta de tienda,Tarjeta Retail Efectivo Mismo DíA,https://dolarexpress.cl/sacar-plata-ripley/,20,0,Canonical mismatch; Orphaned
https://dolarexpress.cl/tarjeta-ripley-efectivo-inmediato/,Efectivo con Ripley en 20 minutos: Proceso y Costo,Efectivo en 20 minutos con Ripley. Comisión 15%. C,Tarjeta Ripley Efectivo Inmediato,https://dolarexpress.cl/sacar-plata-ripley/,20,0,Canonical mismatch; Orphaned
https://dolarexpress.cl/tarjeta-ripley-sin-avance/,Ripley Sin Avance: Cómo Obtener Efectivo con Cupo ,Obtén efectivo de tu Ripley sin avance habilitado.,Tarjeta Ripley Sin Avance,https://dolarexpress.cl/tarjeta-ripley-sin-avance/,20,0,Orphaned
https://dolarexpress.cl/tarjeta-sin-avance-habilitado-chile/,tu tarjeta de tienda Sin Avance: Cómo Obtener Efec,Obtén efectivo de tu tu tarjeta de tienda sin avan,Tarjeta Sin Avance Habilitado Chile,https://dolarexpress.cl/tarjeta-ripley-sin-avance/,20,0,Canonical mismatch; Orphaned
https://dolarexpress.cl/terminos/,Términos y Condiciones | DolarExpress,Términos y condiciones del servicio de DolarExpres,Términos y Condiciones,https://dolarexpress.cl/terminos.html,4,0,Canonical mismatch; Orphaned
https://dolarexpress.cl/transferir-cupo-cmr-a-cuenta/,Transferir Cupo CMR a Cuenta Bancaria: Cómo Funcio,Transfiere cupo CMR a tu cuenta bancaria. Mecanism,Transferir Cupo Cmr A Cuenta,https://dolarexpress.cl/sacar-plata-cmr/,20,0,Canonical mismatch; Orphaned
https://dolarexpress.cl/vender-cupo-banco-chile/,Vender Cupo Banco de Chile|DolarExpress,Vende tu cupo en dolares de tarjeta Banco de Chile,DolarExpress,https://dolarexpress.cl/vender-cupo-banco-chile.html,9,0,Canonical mismatch; Orphaned
https://dolarexpress.cl/vender-cupo-banco-estado/,Vender Cupo Dólar Banco Estado Chile | DolarExpres,¿Tienes cupo en dólares en Banco Estado? Lo conver,Vende tu cupo en dólares de Banco Estado y recibe ,https://dolarexpress.cl/vender-cupo-banco-estado.html,17,0,Canonical mismatch; Orphaned
https://dolarexpress.cl/vender-cupo-bci/,Vender Cupo Dólar BCI Chile | DolarExpress,Convierte el cupo en dólares de tu tarjeta BCI a p,Vende tu cupo en dólares BCI y obtén pesos chileno,https://dolarexpress.cl/vender-cupo-bci.html,17,0,Canonical mismatch; Orphaned
https://dolarexpress.cl/vender-cupo-cmr-falabella/,CMR Falabella Credit Line Landing Page,,DolarExpress - CMR Falabella,https://dolarexpress.cl/vender-cupo-cmr-falabella.html,8,0,No description; Canonical mismatch; Orphaned
https://dolarexpress.cl/vender-cupo-dolar-online/,Vender Cupo Dólar Online Chile | DolarExpress,Proceso 100% online para convertir tu cupo en dóla,Vende tu cupo en dólares 100% online,https://dolarexpress.cl/vender-cupo-dolar-online.html,17,0,Canonical mismatch; Orphaned
https://dolarexpress.cl/vender-cupo-dolar-tarjeta-credito/,Vender Cupo Dólar con Tarjeta de Crédito | DolarEx,Convierte el cupo en dólares de tu tarjeta de créd,Vende tu cupo dólar de tarjeta de crédito y recibe,https://dolarexpress.cl/vender-cupo-dolar-tarjeta-credito.html,17,0,Canonical mismatch; Orphaned
https://dolarexpress.cl/vender-cupo-dolar-transferencia/,Vender Cupo Dólar por Transferencia Chile | DolarE,Vende tu cupo en dólares y recibe pesos chilenos d,Recibe pesos por transferencia al vender tu cupo d,https://dolarexpress.cl/vender-cupo-dolar-transferencia.html,17,0,Canonical mismatch; Orphaned
https://dolarexpress.cl/vender-cupo-dolar/,Vender Cupo Dólar en Chile | DolarExpress,Vende tu cupo en dólares de tarjeta de crédito y r,Vende tu cupo en dólares y recibe pesos chilenos h,https://dolarexpress.cl/vender-cupo-dolar.html,17,0,Canonical mismatch; Orphaned
https://dolarexpress.cl/vender-cupo-internacional/,Vender Cupo Tarjeta Internacional | DolarExpress C,,Vender Cupo en Dólares de Tarjeta Internacional,https://dolarexpress.cl/vender-cupo-internacional.html,8,0,No description; Canonical mismatch; Orphaned
https://dolarexpress.cl/vender-cupo-itau/,Vender Cupo Dólar Itaú Chile | DolarExpress,¿Tienes cupo en dólares en Itaú Chile? Conviértelo,Vende tu cupo en dólares Itaú y recibe pesos al in,https://dolarexpress.cl/vender-cupo-itau.html,17,0,Canonical mismatch; Orphaned
https://dolarexpress.cl/vender-cupo-santander/,Vender Cupo Dólar Santander Chile | DolarExpress,Vende el cupo en dólares de tu tarjeta Santander y,Convierte tu cupo en dólares Santander a pesos chi,https://dolarexpress.cl/vender-cupo-santander.html,17,0,Canonical mismatch; Orphaned
https://dolarexpress.cl/vender-cupo-scotiabank/,Vender Cupo Dólar Scotiabank Chile | DolarExpress,¿Tienes cupo en dólares en Scotiabank? Te lo conve,Vende tu cupo en dólares de Scotiabank y recibe pe,https://dolarexpress.cl/vender-cupo-scotiabank.html,17,0,Canonical mismatch; Orphaned
https://dolarexpress.cl/vender-dolares-tarjeta-credito/,Vender Dólares de Tarjeta de Crédito Chile | Dolar,Usa el cupo en dólares de tu tarjeta de crédito y ,Vende los dólares de tu tarjeta de crédito,https://dolarexpress.cl/vender-dolares-tarjeta-credito.html,17,0,Canonical mismatch; Orphaned
https://dolarexpress.cl/vender-usd-chile/,Vender USD en Chile | DolarExpress,Vende tus dólares o cupo en USD en Chile y recibe ,Vende tus USD en Chile y recibe pesos,https://dolarexpress.cl/vender-usd-chile.html,17,0,Canonical mismatch; Orphaned
https://dolarexpress.cl/vender-usd/,Vender USD en Chile | DolarExpress,Vende tus dólares (USD) y recibe pesos chilenos po,Vende tu cupo en dólares (USD) y recibe pesos chil,https://dolarexpress.cl/vender-usd.html,11,0,Canonical mismatch; Orphaned
https://dolarexpress.cl/venta-cupo-dolares/,Venta de Cupo en Dólares Chile | DolarExpress,Realiza la venta de tu cupo en dólares con DolarEx,Servicio profesional de venta de cupo en dólares e,https://dolarexpress.cl/venta-cupo-dolares.html,17,0,Canonical mismatch; Orphaned
https://dolarexpress.cl/widget/,Widget de Cambio | Dolar Express,,Cambia tus USDpor pesos CLP,https://dolarexpress.cl/widget.html,4,0,No description; Canonical mismatch; Orphaned
